visitor_id,time_minutes,eras,interests,visitor_type,pace,depth,mobility,crowd
0,120,middle_kingdom,gold_jewelry;animals;discovery_archaeology;mummies_afterlife,student,balanced,deep,full,neutral
1,240,tutankhamun;middle_kingdom,royalty;religion_gods;gold_jewelry,couple,relaxed,highlights,full,avoid
2,120,old_kingdom,ships_transport;daily_life,couple,balanced,balanced,wheelchair,neutral
3,240,prehistoric_early,daily_life;royalty;gold_jewelry,couple,balanced,balanced,full,neutral
4,240,,daily_life;mummies_afterlife;writing_literature,group,relaxed,highlights,full,neutral
5,180,new_kingdom,gold_jewelry;animals,family_kids,balanced,highlights,full,neutral
6,90,old_kingdom;prehistoric_early,mummies_afterlife;architecture;animals;daily_life,student,balanced,balanced,wheelchair,neutral
7,120,old_kingdom;tutankhamun;middle_kingdom,daily_life;architecture;gold_jewelry,group,balanced,highlights,full,neutral
8,300,late_greco_roman;middle_kingdom,mummies_afterlife;gold_jewelry;architecture;religion_gods;war_weapons,solo,balanced,balanced,full,avoid
9,120,new_kingdom;old_kingdom,royalty;ships_transport,group,relaxed,deep,full,avoid
10,60,old_kingdom,gold_jewelry;royalty,group,balanced,balanced,full,avoid
11,90,old_kingdom,daily_life,solo,balanced,balanced,full,avoid
12,60,old_kingdom;new_kingdom,mummies_afterlife;war_weapons;writing_literature;gold_jewelry;discovery_archaeology,student,balanced,highlights,full,avoid
13,90,middle_kingdom,daily_life;architecture,family_kids,fast,balanced,full,neutral
14,120,old_kingdom;late_greco_roman;tutankhamun,daily_life,family_kids,relaxed,balanced,full,neutral
15,180,prehistoric_early,art_statues;royalty;writing_literature;gold_jewelry,couple,balanced,balanced,full,avoid
16,60,,animals;royalty;gold_jewelry;architecture,group,balanced,balanced,full,avoid
17,90,new_kingdom;middle_kingdom,gold_jewelry;animals;art_statues,family_kids,balanced,balanced,full,neutral
18,180,late_greco_roman,architecture;gold_jewelry;art_statues,solo,balanced,balanced,full,neutral
19,120,middle_kingdom;new_kingdom,animals;religion_gods,student,balanced,balanced,full,neutral
20,90,late_greco_roman;old_kingdom;new_kingdom,daily_life;royalty,solo,balanced,deep,full,avoid
21,120,old_kingdom,religion_gods;war_weapons;daily_life,family_kids,balanced,highlights,full,avoid
22,180,late_greco_roman;middle_kingdom;prehistoric_early,architecture;gold_jewelry,solo,relaxed,highlights,full,neutral
23,60,new_kingdom,ships_transport;mummies_afterlife,solo,relaxed,deep,full,neutral
24,240,prehistoric_early;late_greco_roman;tutankhamun,architecture;ships_transport,solo,balanced,highlights,full,neutral
25,90,old_kingdom;new_kingdom,daily_life;discovery_archaeology,solo,balanced,balanced,full,neutral
26,300,prehistoric_early;late_greco_roman;new_kingdom,war_weapons;animals;daily_life,family_kids,relaxed,deep,full,neutral
27,180,new_kingdom,daily_life;architecture;writing_literature,student,relaxed,deep,full,neutral
28,60,middle_kingdom,ships_transport;royalty;architecture;war_weapons,group,balanced,balanced,full,neutral
29,180,middle_kingdom;old_kingdom;tutankhamun,animals;gold_jewelry;royalty,couple,balanced,balanced,full,avoid
30,60,,war_weapons;animals,family_kids,relaxed,balanced,full,neutral
31,90,new_kingdom;middle_kingdom,gold_jewelry;mummies_afterlife;writing_literature,solo,fast,balanced,full,neutral
32,240,prehistoric_early,art_statues;daily_life,couple,fast,highlights,full,neutral
33,90,late_greco_roman;tutankhamun;middle_kingdom,discovery_archaeology;gold_jewelry;royalty;ships_transport,group,balanced,balanced,full,avoid
34,90,,royalty;religion_gods;daily_life;art_statues,couple,relaxed,balanced,full,avoid
35,60,late_greco_roman,discovery_archaeology;daily_life;art_statues,student,balanced,highlights,full,neutral
36,60,old_kingdom;late_greco_roman;tutankhamun,daily_life;gold_jewelry,group,fast,deep,full,avoid
37,180,,ships_transport;writing_literature;daily_life,solo,fast,balanced,full,avoid
38,180,tutankhamun,war_weapons;architecture;discovery_archaeology,student,balanced,balanced,avoid_stairs,neutral
39,180,prehistoric_early;old_kingdom;late_greco_roman,discovery_archaeology;mummies_afterlife;daily_life,group,relaxed,balanced,full,neutral
40,120,old_kingdom,royalty;war_weapons;daily_life,couple,relaxed,balanced,full,avoid
41,300,,royalty;animals,solo,balanced,highlights,avoid_stairs,neutral
42,90,tutankhamun,war_weapons;religion_gods;animals,solo,fast,balanced,full,neutral
43,90,,war_weapons;daily_life,family_kids,balanced,balanced,full,neutral
44,120,tutankhamun,animals;art_statues;daily_life;architecture,couple,relaxed,deep,full,neutral
45,60,late_greco_roman,daily_life;animals;architecture;art_statues;gold_jewelry,couple,fast,balanced,full,neutral
46,180,new_kingdom,royalty;art_statues;war_weapons;animals,couple,balanced,highlights,full,neutral
47,180,tutankhamun,architecture;gold_jewelry,group,balanced,balanced,full,neutral
48,120,old_kingdom;prehistoric_early,architecture;daily_life,student,relaxed,balanced,full,avoid
49,240,middle_kingdom;tutankhamun;late_greco_roman,architecture,solo,relaxed,highlights,full,neutral
50,180,old_kingdom,daily_life;writing_literature;gold_jewelry,couple,balanced,deep,full,neutral
51,60,tutankhamun;prehistoric_early;new_kingdom,royalty;ships_transport;architecture,couple,balanced,balanced,full,neutral
52,120,prehistoric_early,religion_gods;discovery_archaeology;daily_life;writing_literature;animals,solo,fast,balanced,full,avoid
53,300,new_kingdom,gold_jewelry;writing_literature;royalty;religion_gods,group,fast,deep,avoid_stairs,avoid
54,180,middle_kingdom,writing_literature;mummies_afterlife,family_kids,fast,balanced,full,avoid
55,90,prehistoric_early,royalty;ships_transport,couple,fast,balanced,full,neutral
56,90,late_greco_roman,writing_literature;war_weapons;religion_gods,student,relaxed,balanced,full,neutral
57,240,prehistoric_early,mummies_afterlife;daily_life;writing_literature,student,balanced,balanced,full,neutral
58,180,late_greco_roman;new_kingdom,religion_gods;architecture;art_statues;discovery_archaeology;writing_literature,solo,balanced,highlights,full,neutral
59,240,middle_kingdom;old_kingdom,ships_transport;architecture;animals,solo,relaxed,balanced,full,neutral
60,300,new_kingdom;prehistoric_early;middle_kingdom,daily_life;ships_transport;animals,couple,fast,balanced,full,avoid
61,120,old_kingdom;tutankhamun,mummies_afterlife;gold_jewelry;royalty;war_weapons;architecture,group,relaxed,deep,full,neutral
62,60,middle_kingdom;prehistoric_early,royalty;art_statues;religion_gods;war_weapons;daily_life,student,relaxed,highlights,full,neutral
63,90,,royalty,student,balanced,balanced,full,neutral
64,60,new_kingdom,architecture;daily_life;war_weapons,group,relaxed,highlights,wheelchair,neutral
65,240,,daily_life;art_statues,solo,relaxed,highlights,full,neutral
66,60,tutankhamun,religion_gods;writing_literature;royalty;ships_transport;animals,solo,relaxed,balanced,full,avoid
67,60,old_kingdom,religion_gods;art_statues;royalty;gold_jewelry,couple,balanced,deep,full,neutral
68,180,new_kingdom;late_greco_roman;tutankhamun,art_statues;religion_gods,couple,fast,deep,full,neutral
69,240,old_kingdom;prehistoric_early,religion_gods;discovery_archaeology;writing_literature,student,balanced,balanced,full,neutral
70,180,,war_weapons;gold_jewelry,solo,relaxed,balanced,full,neutral
71,240,late_greco_roman;prehistoric_early,mummies_afterlife;religion_gods,solo,balanced,highlights,full,neutral
72,90,prehistoric_early;middle_kingdom,animals;gold_jewelry,family_kids,relaxed,deep,full,avoid
73,60,new_kingdom,architecture;discovery_archaeology,student,relaxed,highlights,full,neutral
74,90,new_kingdom;old_kingdom,mummies_afterlife;writing_literature,student,balanced,highlights,full,avoid
75,120,,writing_literature,solo,relaxed,balanced,full,avoid
76,240,late_greco_roman;prehistoric_early;middle_kingdom,religion_gods;gold_jewelry;discovery_archaeology,family_kids,relaxed,deep,full,neutral
77,120,late_greco_roman;old_kingdom,mummies_afterlife;royalty;writing_literature;animals;war_weapons,group,relaxed,balanced,full,avoid
78,180,late_greco_roman,war_weapons;royalty;ships_transport;daily_life;art_statues,solo,balanced,balanced,full,neutral
79,90,old_kingdom,religion_gods;gold_jewelry,family_kids,balanced,balanced,full,neutral
80,120,tutankhamun;late_greco_roman,ships_transport;discovery_archaeology;daily_life,student,balanced,deep,full,avoid
81,120,middle_kingdom,architecture;religion_gods;discovery_archaeology;ships_transport;writing_literature,solo,balanced,balanced,full,neutral
82,60,late_greco_roman,animals;writing_literature;religion_gods;discovery_archaeology,student,balanced,balanced,full,neutral
83,90,tutankhamun;old_kingdom,mummies_afterlife;architecture;royalty;gold_jewelry,group,balanced,balanced,full,avoid
84,120,new_kingdom,war_weapons;gold_jewelry;animals;religion_gods;architecture,family_kids,relaxed,highlights,full,neutral
85,300,tutankhamun;new_kingdom,religion_gods;daily_life;animals;royalty,solo,balanced,highlights,full,avoid
86,240,middle_kingdom;late_greco_roman;old_kingdom,religion_gods;ships_transport;writing_literature;art_statues;gold_jewelry,family_kids,balanced,balanced,avoid_stairs,avoid
87,120,tutankhamun;prehistoric_early,gold_jewelry;royalty,couple,relaxed,highlights,full,neutral
88,180,tutankhamun,royalty;mummies_afterlife,solo,balanced,deep,full,neutral
89,240,new_kingdom,gold_jewelry;discovery_archaeology;royalty,solo,fast,highlights,wheelchair,avoid
90,240,middle_kingdom;prehistoric_early;tutankhamun,ships_transport;gold_jewelry,couple,relaxed,balanced,full,avoid
91,90,tutankhamun;prehistoric_early,architecture;royalty;war_weapons,group,balanced,highlights,full,avoid
92,240,tutankhamun,religion_gods;royalty,couple,balanced,highlights,full,avoid
93,120,old_kingdom,architecture,group,relaxed,balanced,full,neutral
94,90,prehistoric_early;late_greco_roman,gold_jewelry;ships_transport;mummies_afterlife,family_kids,balanced,highlights,full,neutral
95,120,middle_kingdom,daily_life,family_kids,balanced,highlights,full,neutral
96,180,prehistoric_early,war_weapons;gold_jewelry;royalty;writing_literature,couple,relaxed,balanced,full,neutral
97,120,tutankhamun,writing_literature,solo,relaxed,balanced,full,neutral
98,60,tutankhamun,animals;gold_jewelry;war_weapons,couple,balanced,balanced,full,neutral
99,120,new_kingdom;late_greco_roman,gold_jewelry;discovery_archaeology;mummies_afterlife;war_weapons;religion_gods,group,balanced,balanced,full,avoid
100,300,tutankhamun,daily_life;writing_literature;gold_jewelry,student,relaxed,balanced,full,avoid
101,240,old_kingdom,art_statues;writing_literature;ships_transport;religion_gods;gold_jewelry,couple,balanced,highlights,full,avoid
102,240,prehistoric_early,writing_literature;royalty;discovery_archaeology;war_weapons,student,balanced,deep,full,avoid
103,180,late_greco_roman;old_kingdom,ships_transport;writing_literature;gold_jewelry,student,balanced,highlights,full,neutral
104,300,late_greco_roman;prehistoric_early,war_weapons;discovery_archaeology;writing_literature;royalty;animals,family_kids,relaxed,balanced,full,neutral
105,180,middle_kingdom;old_kingdom,mummies_afterlife;architecture;ships_transport,solo,fast,balanced,full,neutral
106,240,middle_kingdom;old_kingdom,animals;war_weapons;mummies_afterlife;gold_jewelry,solo,relaxed,deep,avoid_stairs,neutral
107,120,prehistoric_early;tutankhamun,religion_gods;mummies_afterlife;ships_transport;war_weapons,solo,balanced,highlights,full,avoid
108,180,middle_kingdom;new_kingdom,ships_transport,family_kids,relaxed,highlights,wheelchair,neutral
109,60,middle_kingdom,mummies_afterlife;animals;art_statues,solo,balanced,highlights,full,avoid
110,60,prehistoric_early;new_kingdom;tutankhamun,ships_transport;religion_gods,family_kids,relaxed,highlights,full,avoid
111,60,,discovery_archaeology;writing_literature,student,relaxed,balanced,full,avoid
112,180,tutankhamun,daily_life;writing_literature;ships_transport,student,balanced,deep,full,neutral
113,180,prehistoric_early,ships_transport;gold_jewelry,couple,relaxed,highlights,full,neutral
114,180,late_greco_roman;tutankhamun,war_weapons;animals,solo,fast,balanced,avoid_stairs,neutral
115,240,late_greco_roman;tutankhamun;prehistoric_early,war_weapons;ships_transport;discovery_archaeology,solo,relaxed,balanced,full,neutral
116,120,middle_kingdom;prehistoric_early,royalty;discovery_archaeology;gold_jewelry,solo,balanced,balanced,avoid_stairs,neutral
117,240,,gold_jewelry,family_kids,balanced,balanced,full,neutral
118,60,tutankhamun,royalty;religion_gods;daily_life,couple,relaxed,highlights,full,neutral
119,300,middle_kingdom,daily_life;gold_jewelry;animals;royalty;discovery_archaeology,couple,balanced,balanced,full,neutral
120,90,,discovery_archaeology;ships_transport,student,balanced,highlights,full,neutral
121,120,middle_kingdom;new_kingdom,writing_literature;religion_gods;royalty;mummies_afterlife;daily_life,couple,balanced,highlights,full,neutral
122,180,tutankhamun,war_weapons;animals,family_kids,balanced,balanced,avoid_stairs,neutral
123,180,prehistoric_early,discovery_archaeology;royalty,couple,relaxed,balanced,full,neutral
124,120,,royalty;architecture,solo,balanced,highlights,full,neutral
125,180,middle_kingdom,daily_life;architecture;ships_transport;writing_literature;war_weapons,solo,fast,balanced,full,neutral
126,90,,mummies_afterlife;architecture,group,balanced,highlights,full,avoid
127,240,old_kingdom;tutankhamun,discovery_archaeology;religion_gods;war_weapons,solo,relaxed,highlights,avoid_stairs,neutral
128,240,prehistoric_early,mummies_afterlife;royalty,solo,relaxed,balanced,full,neutral
129,60,new_kingdom;old_kingdom,war_weapons;discovery_archaeology;royalty,couple,fast,balanced,wheelchair,avoid
130,120,old_kingdom,discovery_archaeology;gold_jewelry,group,balanced,deep,full,neutral
131,120,prehistoric_early,art_statues;animals;ships_transport,couple,relaxed,highlights,full,avoid
132,180,tutankhamun,art_statues,couple,relaxed,balanced,full,neutral
133,120,tutankhamun,ships_transport;war_weapons;religion_gods,family_kids,balanced,highlights,avoid_stairs,avoid
134,60,new_kingdom;middle_kingdom,royalty;ships_transport;art_statues,group,balanced,highlights,full,avoid
135,180,middle_kingdom;prehistoric_early,animals;architecture,solo,balanced,highlights,full,neutral
136,60,middle_kingdom;tutankhamun,writing_literature;animals;art_statues;gold_jewelry;royalty,couple,balanced,balanced,full,avoid
137,180,tutankhamun,daily_life;ships_transport;art_statues;royalty;war_weapons,couple,balanced,balanced,full,neutral
138,240,tutankhamun,discovery_archaeology,solo,balanced,deep,full,neutral
139,90,prehistoric_early,war_weapons;royalty;ships_transport;mummies_afterlife;writing_literature,group,relaxed,highlights,full,avoid
140,90,prehistoric_early,animals;mummies_afterlife,family_kids,relaxed,balanced,full,neutral
141,180,old_kingdom,gold_jewelry;animals;religion_gods;war_weapons;architecture,couple,relaxed,balanced,full,avoid
142,240,,war_weapons;mummies_afterlife;royalty,group,fast,highlights,full,neutral
143,120,old_kingdom;tutankhamun,architecture;art_statues;religion_gods,solo,balanced,highlights,full,neutral
144,180,prehistoric_early;tutankhamun,architecture;animals;writing_literature,solo,balanced,highlights,full,neutral
145,120,old_kingdom,royalty;ships_transport;art_statues;mummies_afterlife,group,balanced,balanced,full,avoid
146,180,prehistoric_early;new_kingdom,animals;royalty;war_weapons;mummies_afterlife,group,balanced,highlights,full,neutral
147,120,tutankhamun,writing_literature;architecture;royalty,solo,relaxed,balanced,full,neutral
148,120,middle_kingdom;new_kingdom,daily_life;gold_jewelry;royalty,couple,fast,balanced,wheelchair,neutral
149,120,middle_kingdom;late_greco_roman,writing_literature;daily_life,group,balanced,deep,full,avoid
150,120,new_kingdom;late_greco_roman,war_weapons;animals;ships_transport,family_kids,balanced,balanced,full,avoid
151,240,new_kingdom;middle_kingdom;old_kingdom,gold_jewelry;art_statues;war_weapons,solo,fast,balanced,full,avoid
152,240,new_kingdom;tutankhamun;middle_kingdom,art_statues;ships_transport,solo,fast,highlights,full,avoid
153,120,old_kingdom,mummies_afterlife;royalty;gold_jewelry;religion_gods;architecture,group,relaxed,highlights,full,neutral
154,240,middle_kingdom,royalty;mummies_afterlife;animals,solo,balanced,deep,full,neutral
155,180,late_greco_roman,writing_literature;architecture,family_kids,balanced,highlights,avoid_stairs,avoid
156,90,,war_weapons;animals;mummies_afterlife,family_kids,balanced,balanced,full,neutral
157,180,prehistoric_early,war_weapons;religion_gods;royalty,family_kids,balanced,highlights,full,neutral
158,120,prehistoric_early,discovery_archaeology,solo,relaxed,balanced,full,avoid
159,240,,gold_jewelry;daily_life;architecture,couple,balanced,deep,full,neutral
160,120,tutankhamun;old_kingdom;late_greco_roman,architecture;mummies_afterlife;royalty,group,balanced,deep,full,avoid
161,120,old_kingdom,architecture;daily_life;religion_gods,group,fast,highlights,full,avoid
162,240,old_kingdom,gold_jewelry;religion_gods;royalty,couple,balanced,highlights,full,neutral
163,60,middle_kingdom,gold_jewelry,group,relaxed,highlights,full,avoid
164,300,tutankhamun,discovery_archaeology,student,balanced,balanced,full,avoid
165,120,prehistoric_early;new_kingdom,daily_life;animals;writing_literature;mummies_afterlife,family_kids,balanced,deep,full,avoid
166,180,new_kingdom;late_greco_roman;prehistoric_early,royalty;architecture,solo,fast,highlights,full,neutral
167,120,middle_kingdom,gold_jewelry,couple,fast,balanced,full,avoid
168,90,prehistoric_early,ships_transport;royalty;war_weapons;writing_literature,couple,fast,balanced,full,neutral
169,120,,war_weapons;animals,family_kids,fast,highlights,avoid_stairs,neutral
170,90,prehistoric_early;tutankhamun,writing_literature;ships_transport;discovery_archaeology,family_kids,relaxed,balanced,full,neutral
171,120,,gold_jewelry;religion_gods,solo,fast,highlights,full,neutral
172,90,,war_weapons;daily_life;animals,couple,fast,balanced,avoid_stairs,neutral
173,180,prehistoric_early;new_kingdom,gold_jewelry;ships_transport;religion_gods,family_kids,fast,balanced,full,avoid
174,120,middle_kingdom,royalty;gold_jewelry,couple,balanced,deep,avoid_stairs,neutral
175,90,prehistoric_early;middle_kingdom;new_kingdom,architecture;gold_jewelry;daily_life,family_kids,balanced,balanced,full,neutral
176,90,tutankhamun;new_kingdom;prehistoric_early,gold_jewelry,student,balanced,deep,full,neutral
177,180,new_kingdom,religion_gods,solo,balanced,deep,full,avoid
178,60,tutankhamun;old_kingdom,ships_transport;gold_jewelry;mummies_afterlife;war_weapons;architecture,group,relaxed,highlights,full,avoid
179,90,tutankhamun,gold_jewelry;animals;art_statues,group,balanced,balanced,wheelchair,avoid
180,60,middle_kingdom,ships_transport;war_weapons;animals;art_statues,family_kids,balanced,deep,full,neutral
181,90,tutankhamun;middle_kingdom,gold_jewelry;mummies_afterlife;animals,group,relaxed,balanced,avoid_stairs,avoid
182,180,middle_kingdom;old_kingdom,art_statues;mummies_afterlife;architecture,group,balanced,balanced,avoid_stairs,neutral
183,240,tutankhamun;old_kingdom;new_kingdom,royalty;daily_life;mummies_afterlife;art_statues;animals,group,fast,balanced,full,neutral
184,120,old_kingdom,writing_literature;discovery_archaeology;mummies_afterlife,student,relaxed,balanced,full,neutral
185,180,tutankhamun,gold_jewelry;ships_transport;mummies_afterlife,family_kids,balanced,deep,full,neutral
186,60,,discovery_archaeology;art_statues,solo,relaxed,balanced,full,neutral
187,120,prehistoric_early;tutankhamun,writing_literature,group,balanced,balanced,full,neutral
188,120,tutankhamun;late_greco_roman,gold_jewelry;daily_life;religion_gods,couple,balanced,highlights,wheelchair,neutral
189,90,middle_kingdom,writing_literature;animals;architecture,group,relaxed,balanced,full,neutral
190,90,old_kingdom,war_weapons;writing_literature;daily_life;architecture;gold_jewelry,solo,relaxed,highlights,wheelchair,avoid
191,180,late_greco_roman;middle_kingdom,animals;war_weapons;discovery_archaeology;architecture;royalty,family_kids,fast,deep,avoid_stairs,neutral
192,120,tutankhamun,royalty;daily_life,couple,fast,deep,full,neutral
193,120,tutankhamun,gold_jewelry;animals;ships_transport,family_kids,balanced,deep,full,avoid
194,240,old_kingdom,religion_gods;animals;mummies_afterlife;architecture,family_kids,fast,balanced,full,neutral
195,90,tutankhamun,religion_gods;discovery_archaeology;animals,solo,fast,balanced,full,avoid
196,90,middle_kingdom;new_kingdom,mummies_afterlife;gold_jewelry,family_kids,balanced,balanced,full,neutral
197,120,,art_statues;religion_gods;war_weapons;animals;gold_jewelry,family_kids,balanced,deep,full,avoid
198,120,old_kingdom,daily_life;discovery_archaeology;royalty;architecture;mummies_afterlife,group,balanced,balanced,full,avoid
199,240,,art_statues;gold_jewelry;discovery_archaeology;ships_transport,couple,balanced,balanced,full,avoid
200,240,old_kingdom;tutankhamun,mummies_afterlife;gold_jewelry;architecture;religion_gods;writing_literature,group,fast,highlights,avoid_stairs,avoid
201,180,middle_kingdom;prehistoric_early,animals;gold_jewelry;daily_life,group,relaxed,balanced,full,avoid
202,90,late_greco_roman,discovery_archaeology,student,relaxed,deep,full,neutral
203,120,prehistoric_early;late_greco_roman,religion_gods;writing_literature;discovery_archaeology,solo,relaxed,balanced,full,neutral
204,240,prehistoric_early;old_kingdom;tutankhamun,royalty,family_kids,balanced,balanced,full,neutral
205,180,late_greco_roman;tutankhamun,war_weapons,family_kids,fast,highlights,full,neutral
206,300,late_greco_roman,architecture;writing_literature;war_weapons,student,balanced,highlights,full,neutral
207,180,late_greco_roman,religion_gods;royalty;art_statues,solo,relaxed,deep,full,neutral
208,120,late_greco_roman,war_weapons;mummies_afterlife,group,balanced,highlights,full,neutral
209,90,,mummies_afterlife;writing_literature;architecture;religion_gods;gold_jewelry,solo,balanced,balanced,full,neutral
210,60,new_kingdom,war_weapons;ships_transport;art_statues,family_kids,balanced,balanced,full,avoid
211,120,middle_kingdom;late_greco_roman,mummies_afterlife;religion_gods;royalty,group,relaxed,balanced,full,avoid
212,90,old_kingdom;late_greco_roman;new_kingdom,royalty;religion_gods;writing_literature,student,balanced,highlights,full,avoid
213,120,tutankhamun;middle_kingdom,discovery_archaeology;mummies_afterlife,student,balanced,deep,full,neutral
214,180,prehistoric_early,writing_literature;art_statues;war_weapons,solo,fast,balanced,full,neutral
215,90,new_kingdom,religion_gods,couple,relaxed,balanced,full,neutral
216,90,,ships_transport;religion_gods;animals;war_weapons,family_kids,balanced,deep,full,avoid
217,300,middle_kingdom,writing_literature;art_statues,group,balanced,deep,full,avoid
218,120,tutankhamun;old_kingdom;middle_kingdom,writing_literature;royalty;religion_gods;ships_transport;animals,student,balanced,balanced,full,neutral
219,180,new_kingdom,war_weapons;art_statues;animals,family_kids,balanced,highlights,full,neutral
220,120,old_kingdom,daily_life;religion_gods;royalty,couple,fast,balanced,full,neutral
221,60,old_kingdom;new_kingdom;late_greco_roman,discovery_archaeology;writing_literature,student,relaxed,highlights,full,neutral
222,300,prehistoric_early;middle_kingdom;tutankhamun,mummies_afterlife;royalty;daily_life;architecture,couple,fast,balanced,full,neutral
223,180,new_kingdom,architecture;discovery_archaeology;religion_gods,solo,balanced,deep,avoid_stairs,neutral
224,120,middle_kingdom;prehistoric_early,religion_gods;discovery_archaeology;art_statues;architecture;ships_transport,student,balanced,deep,avoid_stairs,neutral
225,120,tutankhamun;late_greco_roman,mummies_afterlife;royalty;ships_transport,group,balanced,balanced,full,neutral
226,120,tutankhamun;middle_kingdom,discovery_archaeology;mummies_afterlife;ships_transport;royalty,solo,relaxed,highlights,full,avoid
227,120,prehistoric_early;new_kingdom,gold_jewelry;art_statues,couple,balanced,balanced,full,neutral
228,240,late_greco_roman;tutankhamun,gold_jewelry;writing_literature;war_weapons,family_kids,balanced,balanced,full,avoid
229,120,prehistoric_early,writing_literature;daily_life;war_weapons,solo,fast,deep,wheelchair,neutral
230,180,,religion_gods;discovery_archaeology,student,balanced,highlights,full,avoid
231,120,prehistoric_early,animals;writing_literature;war_weapons,family_kids,fast,balanced,full,avoid
232,120,new_kingdom;prehistoric_early;late_greco_roman,royalty;religion_gods;ships_transport,couple,relaxed,balanced,avoid_stairs,neutral
233,120,new_kingdom,daily_life;animals;discovery_archaeology;war_weapons,couple,balanced,balanced,full,avoid
234,60,middle_kingdom,gold_jewelry,couple,fast,balanced,full,neutral
235,120,,gold_jewelry;ships_transport;war_weapons,solo,fast,balanced,full,avoid
236,300,new_kingdom,writing_literature;art_statues;gold_jewelry;war_weapons,couple,relaxed,highlights,full,neutral
237,180,new_kingdom;tutankhamun,religion_gods;royalty;gold_jewelry;war_weapons;art_statues,couple,fast,deep,full,neutral
238,90,tutankhamun;new_kingdom,discovery_archaeology,solo,fast,deep,full,avoid
239,120,middle_kingdom;prehistoric_early,gold_jewelry,couple,relaxed,balanced,full,avoid
240,300,prehistoric_early;new_kingdom;old_kingdom,animals;royalty;daily_life,couple,balanced,balanced,avoid_stairs,neutral
241,120,old_kingdom;middle_kingdom,daily_life;gold_jewelry;war_weapons;religion_gods;writing_literature,solo,relaxed,highlights,full,neutral
242,90,late_greco_roman,daily_life;royalty,couple,fast,balanced,avoid_stairs,neutral
243,60,tutankhamun;old_kingdom,religion_gods;gold_jewelry;royalty;writing_literature;mummies_afterlife,solo,balanced,balanced,full,avoid
244,60,tutankhamun,gold_jewelry,student,relaxed,deep,full,avoid
245,60,new_kingdom;late_greco_roman,royalty;daily_life;mummies_afterlife;animals;gold_jewelry,group,balanced,balanced,full,neutral
246,240,prehistoric_early;middle_kingdom,royalty,solo,relaxed,highlights,full,neutral
247,90,old_kingdom;new_kingdom;late_greco_roman,royalty,solo,balanced,balanced,full,neutral
248,120,tutankhamun;old_kingdom,architecture;art_statues;religion_gods;war_weapons,student,fast,highlights,full,avoid
249,120,,royalty;war_weapons;daily_life,couple,balanced,balanced,full,neutral
250,60,middle_kingdom,war_weapons;royalty;art_statues,couple,relaxed,highlights,full,avoid
251,90,old_kingdom,royalty;art_statues;architecture,couple,balanced,highlights,full,neutral
252,90,,religion_gods;war_weapons;ships_transport;gold_jewelry,family_kids,fast,balanced,full,neutral
253,120,tutankhamun;new_kingdom;late_greco_roman,daily_life,couple,balanced,highlights,avoid_stairs,neutral
254,180,old_kingdom,discovery_archaeology;animals;mummies_afterlife,group,fast,balanced,full,avoid
255,120,new_kingdom;prehistoric_early,mummies_afterlife;gold_jewelry;daily_life,family_kids,relaxed,balanced,full,neutral
256,180,tutankhamun,war_weapons;gold_jewelry;religion_gods;architecture,family_kids,fast,highlights,full,avoid
257,240,old_kingdom;prehistoric_early;tutankhamun,ships_transport;animals;mummies_afterlife,group,balanced,balanced,full,avoid
258,180,,daily_life;gold_jewelry,couple,relaxed,balanced,full,neutral
259,60,,discovery_archaeology;daily_life;religion_gods;writing_literature,solo,balanced,highlights,full,avoid
260,180,old_kingdom,war_weapons;gold_jewelry;daily_life;architecture,family_kids,relaxed,highlights,full,avoid
261,180,prehistoric_early;late_greco_roman;old_kingdom,war_weapons;discovery_archaeology;writing_literature,student,relaxed,highlights,avoid_stairs,neutral
262,120,middle_kingdom;late_greco_roman,mummies_afterlife;religion_gods,student,balanced,balanced,full,neutral
263,120,middle_kingdom,royalty;gold_jewelry;architecture;religion_gods,couple,relaxed,balanced,full,avoid
264,180,new_kingdom,discovery_archaeology;war_weapons,solo,balanced,balanced,full,neutral
265,180,old_kingdom,ships_transport;writing_literature,solo,balanced,balanced,full,neutral
266,60,old_kingdom;late_greco_roman;tutankhamun,architecture,family_kids,balanced,highlights,full,avoid
267,120,old_kingdom;middle_kingdom,discovery_archaeology;writing_literature;war_weapons;gold_jewelry;art_statues,student,balanced,balanced,full,avoid
268,240,,war_weapons;royalty;writing_literature,group,balanced,deep,full,neutral
269,60,prehistoric_early;old_kingdom,war_weapons;animals;gold_jewelry;royalty;art_statues,family_kids,balanced,balanced,full,avoid
270,180,,discovery_archaeology;religion_gods;war_weapons;animals,solo,balanced,deep,wheelchair,neutral
271,90,late_greco_roman,daily_life;gold_jewelry,group,relaxed,highlights,full,neutral
272,90,middle_kingdom,ships_transport;royalty;mummies_afterlife,family_kids,balanced,balanced,avoid_stairs,neutral
273,180,middle_kingdom,gold_jewelry;animals;ships_transport;mummies_afterlife,family_kids,balanced,balanced,full,neutral
274,300,late_greco_roman;prehistoric_early;middle_kingdom,gold_jewelry;war_weapons;mummies_afterlife,couple,balanced,balanced,full,avoid
275,90,prehistoric_early,religion_gods;architecture;gold_jewelry;ships_transport;writing_literature,family_kids,relaxed,balanced,full,neutral
276,180,prehistoric_early;middle_kingdom,animals;royalty,family_kids,balanced,deep,avoid_stairs,neutral
277,120,prehistoric_early,gold_jewelry;royalty;architecture,couple,balanced,deep,full,avoid
278,180,prehistoric_early;old_kingdom;tutankhamun,art_statues;mummies_afterlife,solo,balanced,highlights,full,avoid
279,90,tutankhamun,animals;royalty;gold_jewelry,couple,balanced,highlights,wheelchair,neutral
280,240,prehistoric_early;late_greco_roman,ships_transport;gold_jewelry;royalty;mummies_afterlife;daily_life,solo,balanced,deep,full,neutral
281,90,tutankhamun;middle_kingdom;late_greco_roman,gold_jewelry,solo,balanced,highlights,wheelchair,neutral
282,300,old_kingdom,royalty;ships_transport;mummies_afterlife;gold_jewelry,group,balanced,balanced,full,neutral
283,240,new_kingdom,ships_transport;gold_jewelry;architecture;royalty,couple,relaxed,highlights,full,neutral
284,240,new_kingdom;old_kingdom;tutankhamun,gold_jewelry;mummies_afterlife;writing_literature,student,relaxed,balanced,full,neutral
285,240,,daily_life;ships_transport;mummies_afterlife,group,balanced,highlights,full,neutral
286,120,tutankhamun,ships_transport;gold_jewelry;animals,family_kids,balanced,balanced,full,avoid
287,180,middle_kingdom;prehistoric_early;old_kingdom,architecture;royalty;writing_literature;animals,family_kids,balanced,balanced,full,avoid
288,180,tutankhamun;new_kingdom,religion_gods;gold_jewelry;war_weapons;writing_literature;daily_life,couple,balanced,highlights,full,neutral
289,240,,writing_literature;religion_gods;discovery_archaeology,student,relaxed,deep,avoid_stairs,avoid
290,90,tutankhamun,ships_transport;writing_literature;mummies_afterlife,group,balanced,deep,full,avoid
291,120,new_kingdom,gold_jewelry;ships_transport;religion_gods,family_kids,balanced,deep,full,neutral
292,300,late_greco_roman,daily_life;royalty;architecture;discovery_archaeology;art_statues,group,balanced,highlights,full,neutral
293,120,new_kingdom;old_kingdom,animals;architecture;religion_gods,family_kids,relaxed,highlights,full,avoid
294,120,,writing_literature;gold_jewelry,family_kids,balanced,highlights,full,neutral
295,120,old_kingdom,daily_life;gold_jewelry,couple,balanced,balanced,full,avoid
296,240,tutankhamun,ships_transport,student,relaxed,deep,full,neutral
297,90,,gold_jewelry;writing_literature;daily_life;architecture,solo,relaxed,balanced,full,neutral
298,120,,daily_life,couple,fast,deep,full,neutral
299,90,,mummies_afterlife,solo,fast,highlights,full,neutral
300,180,prehistoric_early;late_greco_roman;new_kingdom,art_statues;daily_life,couple,balanced,balanced,full,neutral
301,120,old_kingdom,ships_transport;royalty;gold_jewelry;daily_life;architecture,group,relaxed,balanced,full,neutral
302,180,new_kingdom;late_greco_roman,gold_jewelry;writing_literature;ships_transport,family_kids,balanced,balanced,wheelchair,avoid
303,240,,royalty;animals;mummies_afterlife,group,balanced,deep,full,avoid
304,180,new_kingdom,art_statues;architecture;writing_literature;discovery_archaeology;animals,student,relaxed,highlights,full,avoid
305,180,late_greco_roman,discovery_archaeology;daily_life,student,balanced,balanced,full,avoid
306,120,late_greco_roman;middle_kingdom,gold_jewelry;writing_literature;animals,family_kids,relaxed,balanced,avoid_stairs,avoid
307,180,old_kingdom,mummies_afterlife;war_weapons;gold_jewelry,family_kids,balanced,balanced,full,neutral
308,180,late_greco_roman,writing_literature;royalty;gold_jewelry,family_kids,balanced,highlights,wheelchair,neutral
309,90,tutankhamun,art_statues;daily_life,couple,relaxed,balanced,full,avoid
310,60,tutankhamun,gold_jewelry;mummies_afterlife,solo,fast,deep,full,avoid
311,90,,architecture;discovery_archaeology;gold_jewelry,couple,balanced,deep,full,neutral
312,120,middle_kingdom;prehistoric_early;old_kingdom,art_statues;ships_transport;royalty;animals,couple,relaxed,balanced,wheelchair,neutral
313,180,prehistoric_early;middle_kingdom;late_greco_roman,mummies_afterlife;royalty,couple,balanced,highlights,full,avoid
314,120,tutankhamun;old_kingdom,war_weapons;art_statues,group,balanced,balanced,full,neutral
315,60,,discovery_archaeology;art_statues;ships_transport;architecture;writing_literature,solo,relaxed,balanced,full,avoid
316,120,new_kingdom,animals,couple,balanced,deep,full,neutral
317,180,late_greco_roman,gold_jewelry;discovery_archaeology;ships_transport,solo,relaxed,balanced,full,neutral
318,180,old_kingdom;tutankhamun,animals;religion_gods;art_statues,family_kids,balanced,deep,full,neutral
319,180,late_greco_roman;middle_kingdom,writing_literature,student,relaxed,deep,full,neutral
320,120,late_greco_roman;old_kingdom,architecture;royalty;daily_life;gold_jewelry;mummies_afterlife,group,balanced,balanced,avoid_stairs,neutral
321,60,tutankhamun,architecture;writing_literature;religion_gods,group,fast,balanced,full,avoid
322,120,,religion_gods,couple,balanced,balanced,full,neutral
323,120,middle_kingdom,writing_literature;royalty,solo,relaxed,balanced,full,avoid
324,90,middle_kingdom,religion_gods;architecture,student,balanced,highlights,wheelchair,neutral
325,120,new_kingdom;old_kingdom,mummies_afterlife;gold_jewelry;discovery_archaeology;royalty;daily_life,couple,fast,balanced,full,neutral
326,300,,royalty;war_weapons;discovery_archaeology,solo,balanced,deep,full,avoid
327,90,middle_kingdom,daily_life;animals;gold_jewelry;religion_gods;ships_transport,solo,balanced,deep,full,avoid
328,120,old_kingdom,architecture;writing_literature;ships_transport,couple,balanced,deep,full,neutral
329,180,prehistoric_early;old_kingdom,daily_life;animals,solo,relaxed,highlights,avoid_stairs,neutral
330,120,old_kingdom,daily_life;gold_jewelry;animals,solo,fast,balanced,full,neutral
331,60,tutankhamun;middle_kingdom,religion_gods;animals;war_weapons,solo,fast,highlights,full,neutral
332,240,,ships_transport;religion_gods;war_weapons;architecture;daily_life,family_kids,balanced,balanced,avoid_stairs,neutral
333,180,late_greco_roman;middle_kingdom;tutankhamun,writing_literature;mummies_afterlife;religion_gods,student,fast,balanced,full,avoid
334,240,,mummies_afterlife;writing_literature;architecture;royalty,group,relaxed,deep,full,avoid
335,60,middle_kingdom;late_greco_roman;prehistoric_early,ships_transport;architecture;royalty;animals,group,fast,balanced,wheelchair,avoid
336,180,late_greco_roman,architecture;discovery_archaeology,student,balanced,deep,full,neutral
337,180,middle_kingdom;prehistoric_early,war_weapons;religion_gods;art_statues,student,balanced,highlights,wheelchair,neutral
338,90,prehistoric_early;middle_kingdom;tutankhamun,animals;gold_jewelry,group,balanced,balanced,full,neutral
339,120,,royalty,couple,balanced,highlights,full,neutral
340,180,new_kingdom;prehistoric_early;late_greco_roman,royalty;discovery_archaeology;architecture,couple,balanced,highlights,full,avoid
341,120,middle_kingdom;late_greco_roman,architecture;art_statues,student,balanced,highlights,wheelchair,neutral
342,90,late_greco_roman,discovery_archaeology;royalty;religion_gods;ships_transport,couple,fast,balanced,wheelchair,avoid
343,60,new_kingdom;late_greco_roman,religion_gods;animals;royalty,solo,balanced,deep,avoid_stairs,neutral
344,300,,daily_life;war_weapons;architecture;gold_jewelry;royalty,solo,balanced,highlights,full,avoid
345,240,new_kingdom,daily_life;writing_literature;mummies_afterlife,solo,relaxed,highlights,full,avoid
346,120,prehistoric_early;tutankhamun,mummies_afterlife;royalty;art_statues,couple,fast,balanced,full,avoid
347,120,middle_kingdom;tutankhamun;new_kingdom,war_weapons;animals;daily_life,solo,fast,deep,full,neutral
348,120,old_kingdom,religion_gods;mummies_afterlife;ships_transport,student,balanced,highlights,full,neutral
349,240,middle_kingdom;new_kingdom;prehistoric_early,daily_life;gold_jewelry,couple,balanced,deep,full,neutral
350,90,old_kingdom,gold_jewelry;royalty;architecture,group,relaxed,deep,full,avoid
351,240,tutankhamun;old_kingdom;new_kingdom,royalty,family_kids,balanced,balanced,full,avoid
352,240,tutankhamun,animals;religion_gods,solo,balanced,highlights,avoid_stairs,neutral
353,120,middle_kingdom;new_kingdom,animals;religion_gods,family_kids,balanced,deep,full,neutral
354,120,late_greco_roman;new_kingdom,art_statues;religion_gods;war_weapons,couple,balanced,balanced,full,neutral
355,120,,gold_jewelry;animals;ships_transport,family_kids,balanced,balanced,full,neutral
356,240,,mummies_afterlife;royalty,couple,relaxed,highlights,avoid_stairs,neutral
357,60,new_kingdom,royalty;ships_transport;discovery_archaeology;animals;gold_jewelry,solo,balanced,balanced,avoid_stairs,neutral
358,300,new_kingdom;tutankhamun,ships_transport;war_weapons;architecture;daily_life;gold_jewelry,group,balanced,balanced,full,neutral
359,120,new_kingdom,writing_literature;animals,solo,balanced,balanced,full,avoid
360,120,late_greco_roman;new_kingdom;middle_kingdom,mummies_afterlife;royalty;gold_jewelry;art_statues,solo,balanced,balanced,full,avoid
361,240,prehistoric_early,architecture;animals;gold_jewelry;mummies_afterlife,group,relaxed,balanced,avoid_stairs,neutral
362,120,late_greco_roman,mummies_afterlife;discovery_archaeology;war_weapons;writing_literature;daily_life,solo,relaxed,highlights,full,neutral
363,120,prehistoric_early,animals;art_statues,couple,relaxed,balanced,full,neutral
364,180,middle_kingdom,gold_jewelry,family_kids,fast,deep,wheelchair,avoid
365,120,tutankhamun;prehistoric_early;old_kingdom,gold_jewelry;war_weapons;royalty;writing_literature,solo,balanced,highlights,avoid_stairs,avoid
366,60,tutankhamun,architecture;art_statues;animals;gold_jewelry;discovery_archaeology,couple,relaxed,deep,full,neutral
367,60,late_greco_roman;prehistoric_early;old_kingdom,writing_literature;war_weapons;religion_gods;discovery_archaeology,group,fast,balanced,full,avoid
368,180,new_kingdom,gold_jewelry;ships_transport,group,balanced,balanced,full,avoid
369,120,prehistoric_early;old_kingdom,ships_transport;war_weapons;daily_life;art_statues;gold_jewelry,couple,fast,highlights,avoid_stairs,neutral
370,180,prehistoric_early;old_kingdom;tutankhamun,art_statues;mummies_afterlife,couple,balanced,balanced,full,neutral
371,120,prehistoric_early;old_kingdom,religion_gods;daily_life,student,fast,highlights,full,avoid
372,120,old_kingdom;late_greco_roman,discovery_archaeology;gold_jewelry;religion_gods,solo,relaxed,balanced,full,neutral
373,120,prehistoric_early;new_kingdom,gold_jewelry;animals;writing_literature;discovery_archaeology;architecture,solo,balanced,deep,full,neutral
374,180,new_kingdom;prehistoric_early,war_weapons;ships_transport;architecture;writing_literature,student,balanced,balanced,avoid_stairs,neutral
375,120,middle_kingdom,gold_jewelry;animals;mummies_afterlife,solo,relaxed,balanced,full,neutral
376,240,late_greco_roman;old_kingdom,daily_life;animals;art_statues,couple,fast,balanced,full,neutral
377,90,late_greco_roman,royalty;art_statues,couple,balanced,highlights,full,avoid
378,240,tutankhamun,war_weapons;discovery_archaeology;mummies_afterlife,family_kids,relaxed,highlights,full,neutral
379,120,new_kingdom;prehistoric_early;tutankhamun,royalty;ships_transport;architecture;gold_jewelry;art_statues,group,balanced,balanced,full,avoid
380,180,old_kingdom;new_kingdom;late_greco_roman,war_weapons;religion_gods;discovery_archaeology;gold_jewelry,family_kids,balanced,balanced,full,avoid
381,240,new_kingdom,ships_transport;art_statues;religion_gods;discovery_archaeology,student,fast,deep,full,neutral
382,180,prehistoric_early;middle_kingdom,war_weapons;gold_jewelry,couple,balanced,deep,full,neutral
383,240,old_kingdom;new_kingdom,gold_jewelry;war_weapons;ships_transport,family_kids,balanced,balanced,full,avoid
384,180,new_kingdom,architecture;ships_transport;war_weapons;writing_literature,family_kids,balanced,highlights,full,neutral
385,300,new_kingdom;tutankhamun,architecture;mummies_afterlife;royalty,group,relaxed,highlights,wheelchair,neutral
386,120,prehistoric_early;late_greco_roman,daily_life;discovery_archaeology;writing_literature,student,relaxed,deep,full,neutral
387,120,old_kingdom;late_greco_roman;tutankhamun,ships_transport;mummies_afterlife;writing_literature,couple,fast,highlights,full,neutral
388,90,tutankhamun,gold_jewelry;royalty;architecture;ships_transport,solo,fast,deep,full,neutral
389,90,new_kingdom,war_weapons,family_kids,balanced,deep,full,neutral
390,180,,daily_life;war_weapons;writing_literature;animals,solo,balanced,highlights,full,neutral
391,90,middle_kingdom;tutankhamun,gold_jewelry;ships_transport;mummies_afterlife;architecture,group,relaxed,highlights,full,neutral
392,60,old_kingdom;prehistoric_early,ships_transport;mummies_afterlife;gold_jewelry,solo,fast,highlights,full,avoid
393,120,tutankhamun;prehistoric_early;old_kingdom,ships_transport;gold_jewelry;royalty,family_kids,balanced,deep,full,neutral
394,300,,royalty;war_weapons;religion_gods,family_kids,relaxed,highlights,full,avoid
395,120,middle_kingdom;late_greco_roman,architecture;ships_transport;art_statues,group,relaxed,deep,full,neutral
396,180,prehistoric_early;middle_kingdom,architecture;war_weapons,solo,balanced,balanced,full,avoid
397,120,late_greco_roman;tutankhamun,gold_jewelry;daily_life;animals;ships_transport,solo,balanced,balanced,full,avoid
398,90,new_kingdom,discovery_archaeology;royalty;ships_transport;writing_literature;war_weapons,solo,relaxed,highlights,full,neutral
399,180,prehistoric_early;late_greco_roman;tutankhamun,gold_jewelry;art_statues;royalty;animals;discovery_archaeology,couple,fast,balanced,full,neutral
400,180,middle_kingdom,ships_transport;writing_literature;gold_jewelry,solo,relaxed,balanced,full,avoid
401,180,late_greco_roman,architecture;daily_life;animals;gold_jewelry,couple,relaxed,balanced,full,neutral
402,180,prehistoric_early;old_kingdom;middle_kingdom,discovery_archaeology;art_statues,family_kids,fast,highlights,full,neutral
403,120,old_kingdom;middle_kingdom;new_kingdom,religion_gods;writing_literature;architecture;gold_jewelry,student,relaxed,balanced,full,neutral
404,240,tutankhamun;new_kingdom;middle_kingdom,art_statues;writing_literature,family_kids,relaxed,balanced,full,neutral
405,60,old_kingdom;tutankhamun,writing_literature,family_kids,balanced,balanced,wheelchair,avoid
406,120,,royalty;art_statues,couple,relaxed,highlights,avoid_stairs,neutral
407,90,middle_kingdom,animals;ships_transport,solo,relaxed,deep,full,neutral
408,120,middle_kingdom;prehistoric_early,royalty;war_weapons;daily_life,family_kids,balanced,balanced,full,avoid
409,180,late_greco_roman;middle_kingdom,architecture;religion_gods,student,relaxed,deep,full,neutral
410,180,late_greco_roman,animals;religion_gods,solo,relaxed,highlights,full,neutral
411,120,,mummies_afterlife,solo,relaxed,balanced,wheelchair,neutral
412,90,new_kingdom,discovery_archaeology;gold_jewelry;architecture;mummies_afterlife;daily_life,group,fast,highlights,avoid_stairs,avoid
413,120,late_greco_roman,mummies_afterlife;gold_jewelry,solo,balanced,deep,full,neutral
414,90,middle_kingdom,art_statues;animals,family_kids,balanced,highlights,wheelchair,avoid
415,180,middle_kingdom;late_greco_roman;new_kingdom,royalty;art_statues;mummies_afterlife;gold_jewelry;animals,group,balanced,balanced,full,neutral
416,300,new_kingdom,gold_jewelry;religion_gods,solo,balanced,deep,avoid_stairs,neutral
417,120,new_kingdom;tutankhamun,writing_literature;mummies_afterlife;royalty,couple,fast,deep,avoid_stairs,neutral
418,120,prehistoric_early,architecture;animals,student,balanced,balanced,full,neutral
419,180,new_kingdom,writing_literature;daily_life;war_weapons;architecture;royalty,solo,balanced,highlights,full,neutral
420,120,late_greco_roman;tutankhamun,art_statues;war_weapons;architecture,solo,relaxed,highlights,full,avoid
421,120,tutankhamun,war_weapons;royalty;daily_life;art_statues;discovery_archaeology,couple,relaxed,deep,wheelchair,avoid
422,90,new_kingdom,gold_jewelry;royalty;architecture;art_statues,couple,balanced,highlights,full,avoid
423,180,tutankhamun;new_kingdom,art_statues;ships_transport;daily_life,family_kids,balanced,highlights,full,avoid
424,120,prehistoric_early,ships_transport,family_kids,fast,balanced,full,neutral
425,90,,royalty;war_weapons,group,relaxed,highlights,full,avoid
426,120,old_kingdom;tutankhamun,architecture;discovery_archaeology,student,relaxed,balanced,full,neutral
427,300,,writing_literature;religion_gods;discovery_archaeology,student,fast,highlights,full,avoid
428,90,late_greco_roman,writing_literature;mummies_afterlife,solo,relaxed,highlights,full,neutral
429,90,,ships_transport;animals;religion_gods,group,balanced,highlights,full,avoid
430,180,new_kingdom;middle_kingdom;old_kingdom,gold_jewelry;royalty;architecture;war_weapons,couple,relaxed,highlights,full,neutral
431,120,new_kingdom;prehistoric_early;middle_kingdom,art_statues;gold_jewelry;discovery_archaeology,solo,balanced,balanced,full,avoid
432,120,,discovery_archaeology;architecture,solo,fast,balanced,full,avoid
433,120,middle_kingdom;late_greco_roman,royalty;discovery_archaeology;war_weapons,group,relaxed,highlights,full,avoid
434,180,middle_kingdom,religion_gods;gold_jewelry,student,balanced,balanced,full,neutral
435,240,tutankhamun;old_kingdom,animals;gold_jewelry,family_kids,balanced,highlights,full,neutral
436,180,new_kingdom;old_kingdom;prehistoric_early,discovery_archaeology;religion_gods;mummies_afterlife;writing_literature;architecture,solo,balanced,highlights,full,avoid
437,180,late_greco_roman,animals;discovery_archaeology;religion_gods,student,relaxed,deep,full,neutral
438,120,late_greco_roman,war_weapons;daily_life,couple,balanced,balanced,full,neutral
439,180,,architecture;gold_jewelry,group,fast,balanced,wheelchair,avoid
440,60,old_kingdom,architecture;gold_jewelry,couple,balanced,balanced,full,neutral
441,180,tutankhamun,discovery_archaeology;writing_literature;religion_gods,student,balanced,balanced,wheelchair,neutral
442,90,new_kingdom;late_greco_roman,gold_jewelry,family_kids,balanced,balanced,full,avoid
443,300,old_kingdom;prehistoric_early;late_greco_roman,mummies_afterlife;gold_jewelry,group,fast,balanced,full,neutral
444,90,late_greco_roman,daily_life;animals;writing_literature;gold_jewelry;art_statues,couple,balanced,deep,full,avoid
445,240,prehistoric_early,art_statues;daily_life;royalty;war_weapons,couple,relaxed,balanced,full,neutral
446,90,,war_weapons;ships_transport,family_kids,relaxed,balanced,full,avoid
447,90,tutankhamun;prehistoric_early,art_statues;religion_gods;architecture,family_kids,balanced,balanced,full,neutral
448,120,middle_kingdom;old_kingdom,architecture;mummies_afterlife;writing_literature;discovery_archaeology,group,balanced,balanced,full,neutral
449,90,old_kingdom,gold_jewelry;war_weapons;discovery_archaeology,couple,balanced,balanced,full,neutral
450,300,new_kingdom;old_kingdom;tutankhamun,gold_jewelry;religion_gods,couple,balanced,balanced,full,neutral
451,180,late_greco_roman;new_kingdom;prehistoric_early,royalty;gold_jewelry;architecture,group,relaxed,highlights,full,neutral
452,180,old_kingdom;prehistoric_early,mummies_afterlife;gold_jewelry;royalty;art_statues;architecture,group,balanced,balanced,avoid_stairs,neutral
453,120,new_kingdom;middle_kingdom,gold_jewelry;animals;writing_literature,family_kids,balanced,balanced,full,avoid
454,60,new_kingdom,architecture;animals,solo,balanced,highlights,full,neutral
455,120,old_kingdom,mummies_afterlife;royalty;gold_jewelry,family_kids,balanced,deep,full,neutral
456,120,old_kingdom,gold_jewelry;royalty;discovery_archaeology,student,balanced,balanced,full,neutral
457,120,late_greco_roman;old_kingdom,mummies_afterlife;royalty;animals,group,fast,balanced,full,avoid
458,120,prehistoric_early;middle_kingdom;new_kingdom,gold_jewelry;ships_transport;mummies_afterlife,couple,relaxed,balanced,full,neutral
459,180,new_kingdom,mummies_afterlife;architecture,group,fast,highlights,full,neutral
460,90,old_kingdom;middle_kingdom;new_kingdom,ships_transport;animals,solo,fast,balanced,full,avoid
461,90,prehistoric_early,animals;discovery_archaeology,family_kids,balanced,balanced,full,neutral
462,300,middle_kingdom,royalty;animals;art_statues,solo,fast,highlights,full,avoid
463,90,,royalty;animals;architecture;mummies_afterlife;war_weapons,solo,fast,highlights,full,avoid
464,180,,religion_gods;daily_life;war_weapons;architecture;mummies_afterlife,solo,balanced,deep,full,neutral
465,90,new_kingdom;late_greco_roman,war_weapons,family_kids,relaxed,balanced,full,neutral
466,240,new_kingdom,discovery_archaeology;daily_life;animals;gold_jewelry,couple,balanced,highlights,full,avoid
467,180,prehistoric_early;old_kingdom,ships_transport;royalty;daily_life;writing_literature,solo,balanced,balanced,wheelchair,neutral
468,60,tutankhamun;new_kingdom,war_weapons;writing_literature,solo,balanced,balanced,full,avoid
469,240,prehistoric_early,architecture,group,fast,balanced,full,avoid
470,90,late_greco_roman,gold_jewelry;daily_life,couple,relaxed,highlights,full,neutral
471,90,old_kingdom;middle_kingdom;new_kingdom,art_statues;animals;discovery_archaeology,student,fast,highlights,full,avoid
472,180,prehistoric_early,war_weapons;religion_gods,group,relaxed,balanced,full,avoid
473,240,new_kingdom;late_greco_roman;prehistoric_early,mummies_afterlife;animals;ships_transport,solo,fast,balanced,full,neutral
474,60,old_kingdom;tutankhamun,gold_jewelry;religion_gods;ships_transport;writing_literature;royalty,solo,balanced,balanced,full,avoid
475,180,middle_kingdom;old_kingdom,architecture;religion_gods;discovery_archaeology;writing_literature,student,balanced,balanced,full,neutral
476,120,old_kingdom,writing_literature;animals;art_statues,family_kids,fast,balanced,full,neutral
477,60,,art_statues;mummies_afterlife;gold_jewelry;animals,family_kids,balanced,balanced,full,neutral
478,90,prehistoric_early,discovery_archaeology;war_weapons,family_kids,relaxed,highlights,full,neutral
479,90,tutankhamun,religion_gods;animals,couple,balanced,highlights,full,avoid
480,180,,religion_gods;discovery_archaeology;architecture,solo,balanced,balanced,full,avoid
481,120,prehistoric_early,gold_jewelry,family_kids,fast,balanced,full,neutral
482,120,middle_kingdom,discovery_archaeology,solo,balanced,balanced,full,neutral
483,120,,writing_literature,solo,fast,highlights,wheelchair,neutral
484,60,,royalty;gold_jewelry,couple,relaxed,highlights,avoid_stairs,avoid
485,180,,animals;war_weapons,solo,fast,balanced,full,avoid
486,300,middle_kingdom;tutankhamun,war_weapons,group,balanced,balanced,full,avoid
487,120,late_greco_roman;tutankhamun;old_kingdom,war_weapons;ships_transport;discovery_archaeology,family_kids,balanced,balanced,full,neutral
488,90,late_greco_roman,writing_literature;daily_life;war_weapons;gold_jewelry,solo,relaxed,highlights,full,neutral
489,240,tutankhamun,daily_life;gold_jewelry,family_kids,balanced,highlights,full,avoid
490,180,tutankhamun,war_weapons;royalty;mummies_afterlife,group,balanced,balanced,full,avoid
491,180,old_kingdom,animals;gold_jewelry;religion_gods;royalty,family_kids,fast,balanced,full,neutral
492,120,old_kingdom;late_greco_roman;new_kingdom,daily_life;architecture;animals;writing_literature,solo,balanced,highlights,avoid_stairs,neutral
493,60,old_kingdom,architecture;war_weapons,student,relaxed,deep,full,neutral
494,120,tutankhamun,mummies_afterlife;animals;architecture;ships_transport,group,relaxed,balanced,full,avoid
495,90,new_kingdom,war_weapons;gold_jewelry;ships_transport,solo,balanced,deep,full,neutral
496,120,new_kingdom,art_statues;mummies_afterlife;royalty,couple,balanced,deep,full,neutral
497,180,old_kingdom,religion_gods;art_statues,couple,balanced,balanced,full,neutral
498,120,prehistoric_early;new_kingdom,writing_literature;animals;art_statues,solo,balanced,highlights,full,neutral
499,180,,mummies_afterlife;gold_jewelry;discovery_archaeology;religion_gods;daily_life,couple,relaxed,balanced,full,neutral
500,300,old_kingdom,royalty;mummies_afterlife;ships_transport;art_statues;war_weapons,solo,fast,balanced,full,avoid
501,120,old_kingdom;prehistoric_early;tutankhamun,discovery_archaeology;royalty;daily_life;religion_gods;architecture,solo,balanced,highlights,full,avoid
502,120,,daily_life;art_statues,couple,fast,balanced,full,avoid
503,240,old_kingdom;late_greco_roman,daily_life;architecture;royalty,couple,fast,highlights,full,neutral
504,120,tutankhamun;old_kingdom,royalty;architecture;gold_jewelry,couple,balanced,balanced,full,avoid
505,90,new_kingdom;tutankhamun,royalty;writing_literature;war_weapons;religion_gods,couple,relaxed,highlights,full,avoid
506,180,,gold_jewelry;war_weapons;architecture;discovery_archaeology,group,balanced,balanced,full,neutral
507,120,middle_kingdom;late_greco_roman,religion_gods;mummies_afterlife;discovery_archaeology;royalty,solo,relaxed,highlights,full,neutral
508,60,middle_kingdom;new_kingdom;late_greco_roman,art_statues;mummies_afterlife;ships_transport;gold_jewelry,solo,fast,deep,avoid_stairs,neutral
509,240,prehistoric_early;new_kingdom;tutankhamun,art_statues;religion_gods;animals;writing_literature;daily_life,student,relaxed,deep,full,avoid
510,180,middle_kingdom;old_kingdom,discovery_archaeology;ships_transport;art_statues;gold_jewelry,couple,relaxed,balanced,full,avoid
511,180,new_kingdom;old_kingdom,royalty,couple,balanced,highlights,full,neutral
512,60,new_kingdom;late_greco_roman,writing_literature;art_statues;daily_life;ships_transport,solo,balanced,highlights,full,avoid
513,240,old_kingdom;tutankhamun;late_greco_roman,art_statues;architecture,couple,fast,balanced,full,neutral
514,120,old_kingdom,royalty;daily_life;writing_literature;religion_gods;gold_jewelry,student,relaxed,highlights,full,neutral
515,60,tutankhamun;middle_kingdom,ships_transport;daily_life;architecture;royalty,solo,balanced,balanced,full,neutral
516,120,,gold_jewelry;daily_life,solo,relaxed,highlights,full,neutral
517,120,middle_kingdom,discovery_archaeology;art_statues;religion_gods;writing_literature,student,balanced,balanced,full,neutral
518,120,middle_kingdom;late_greco_roman,writing_literature;animals;daily_life;art_statues;architecture,solo,balanced,balanced,avoid_stairs,neutral
519,180,new_kingdom;late_greco_roman;middle_kingdom,discovery_archaeology;art_statues;writing_literature;gold_jewelry,solo,balanced,highlights,full,neutral
520,180,,religion_gods;animals;royalty;daily_life;art_statues,solo,balanced,balanced,full,neutral
521,300,tutankhamun;new_kingdom,religion_gods,student,fast,balanced,full,neutral
522,180,prehistoric_early;old_kingdom,writing_literature;architecture,student,balanced,balanced,full,neutral
523,90,prehistoric_early;new_kingdom;old_kingdom,art_statues;ships_transport;war_weapons,family_kids,relaxed,highlights,full,avoid
524,120,tutankhamun;old_kingdom,daily_life;mummies_afterlife;gold_jewelry;discovery_archaeology;art_statues,couple,relaxed,balanced,full,neutral
525,300,old_kingdom,ships_transport;war_weapons,solo,relaxed,highlights,full,neutral
526,120,middle_kingdom;new_kingdom,art_statues,student,relaxed,balanced,full,neutral
527,180,middle_kingdom;new_kingdom;prehistoric_early,animals;gold_jewelry,solo,balanced,deep,avoid_stairs,neutral
528,60,new_kingdom;old_kingdom;tutankhamun,royalty;architecture;ships_transport,solo,balanced,highlights,full,avoid
529,90,prehistoric_early,art_statues;royalty,solo,balanced,balanced,avoid_stairs,neutral
530,240,old_kingdom;prehistoric_early;tutankhamun,ships_transport;war_weapons,solo,relaxed,balanced,full,neutral
531,180,late_greco_roman;prehistoric_early,ships_transport;religion_gods,family_kids,relaxed,balanced,full,neutral
532,120,,animals,solo,balanced,highlights,full,avoid
533,240,tutankhamun,daily_life;mummies_afterlife;discovery_archaeology;architecture;gold_jewelry,group,balanced,balanced,full,neutral
534,60,prehistoric_early;old_kingdom,writing_literature;ships_transport;gold_jewelry;art_statues,solo,balanced,highlights,full,avoid
535,90,prehistoric_early,writing_literature;daily_life;mummies_afterlife;architecture,solo,balanced,deep,full,avoid
536,300,old_kingdom;new_kingdom;tutankhamun,gold_jewelry;discovery_archaeology;animals,couple,relaxed,highlights,full,neutral
537,120,late_greco_roman;middle_kingdom,religion_gods;art_statues,couple,fast,balanced,full,avoid
538,120,tutankhamun;late_greco_roman,architecture,couple,balanced,balanced,full,neutral
539,60,new_kingdom;prehistoric_early;middle_kingdom,war_weapons;architecture;gold_jewelry;animals,family_kids,balanced,balanced,full,avoid
540,60,tutankhamun,writing_literature;art_statues;royalty,couple,balanced,balanced,full,avoid
541,180,tutankhamun,discovery_archaeology,student,balanced,balanced,full,avoid
542,60,,discovery_archaeology;ships_transport;religion_gods;mummies_afterlife,group,balanced,balanced,full,neutral
543,120,tutankhamun,mummies_afterlife;architecture,solo,balanced,balanced,full,avoid
544,120,late_greco_roman,daily_life;royalty,couple,balanced,highlights,full,neutral
545,60,middle_kingdom;late_greco_roman,ships_transport;daily_life,solo,fast,balanced,full,avoid
546,180,middle_kingdom;late_greco_roman;prehistoric_early,ships_transport;architecture,student,balanced,highlights,full,avoid
547,120,middle_kingdom;late_greco_roman,daily_life;religion_gods;art_statues;animals;discovery_archaeology,student,relaxed,highlights,full,neutral
548,240,late_greco_roman,architecture;discovery_archaeology,group,balanced,highlights,full,avoid
549,180,new_kingdom;old_kingdom;tutankhamun,mummies_afterlife;ships_transport;religion_gods,solo,relaxed,balanced,full,neutral
550,120,old_kingdom;tutankhamun,writing_literature;gold_jewelry;discovery_archaeology;art_statues;daily_life,couple,balanced,balanced,avoid_stairs,neutral
551,120,tutankhamun;new_kingdom;middle_kingdom,war_weapons;art_statues;discovery_archaeology;animals;daily_life,family_kids,relaxed,balanced,wheelchair,neutral
552,120,prehistoric_early,ships_transport;royalty;mummies_afterlife,group,balanced,highlights,full,neutral
553,300,tutankhamun,ships_transport;religion_gods;art_statues,couple,balanced,balanced,full,avoid
554,120,prehistoric_early;late_greco_roman,daily_life;royalty;mummies_afterlife;ships_transport;religion_gods,solo,balanced,balanced,full,neutral
555,120,late_greco_roman,gold_jewelry;animals;ships_transport,family_kids,balanced,balanced,full,neutral
556,90,,ships_transport;writing_literature;discovery_archaeology;animals,solo,relaxed,balanced,wheelchair,neutral
557,180,old_kingdom;late_greco_roman;prehistoric_early,war_weapons;writing_literature;discovery_archaeology;art_statues,student,relaxed,balanced,full,avoid
558,180,old_kingdom,discovery_archaeology;religion_gods,student,fast,balanced,full,neutral
559,90,prehistoric_early;new_kingdom;tutankhamun,animals;mummies_afterlife,couple,balanced,balanced,wheelchair,avoid
560,180,middle_kingdom,mummies_afterlife,group,balanced,balanced,full,neutral
561,120,prehistoric_early;tutankhamun;old_kingdom,animals;architecture;mummies_afterlife;writing_literature;discovery_archaeology,group,relaxed,deep,full,neutral
562,240,old_kingdom,writing_literature;daily_life;royalty;discovery_archaeology,couple,balanced,highlights,wheelchair,neutral
563,300,tutankhamun;late_greco_roman,discovery_archaeology;ships_transport;writing_literature;animals;mummies_afterlife,solo,relaxed,highlights,avoid_stairs,neutral
564,90,,writing_literature;religion_gods;architecture,student,fast,balanced,full,neutral
565,90,old_kingdom;late_greco_roman;prehistoric_early,gold_jewelry;daily_life;architecture,group,fast,deep,wheelchair,avoid
566,180,middle_kingdom,war_weapons;gold_jewelry;royalty,couple,balanced,highlights,full,neutral
567,180,,art_statues;mummies_afterlife;discovery_archaeology,solo,fast,balanced,full,neutral
568,120,tutankhamun;old_kingdom,ships_transport;religion_gods;animals,student,relaxed,balanced,full,neutral
569,240,old_kingdom;middle_kingdom,animals;art_statues;war_weapons,solo,relaxed,balanced,full,neutral
570,180,tutankhamun;middle_kingdom,royalty;discovery_archaeology;mummies_afterlife,solo,relaxed,highlights,wheelchair,neutral
571,60,prehistoric_early,religion_gods;animals;daily_life;mummies_afterlife;art_statues,couple,balanced,deep,full,neutral
572,180,old_kingdom,daily_life,couple,balanced,highlights,full,neutral
573,180,tutankhamun,mummies_afterlife;royalty,student,relaxed,deep,full,neutral
574,90,old_kingdom;tutankhamun,ships_transport;royalty;art_statues;daily_life;gold_jewelry,couple,balanced,highlights,full,neutral
575,120,tutankhamun,animals;daily_life;ships_transport,family_kids,balanced,balanced,full,neutral
576,180,prehistoric_early,royalty;mummies_afterlife;animals,group,balanced,deep,wheelchair,avoid
577,120,,writing_literature;architecture,solo,balanced,balanced,avoid_stairs,neutral
578,90,tutankhamun,architecture;writing_literature;mummies_afterlife;art_statues,student,balanced,highlights,full,neutral
579,60,,royalty;ships_transport,solo,relaxed,balanced,full,neutral
580,60,prehistoric_early;tutankhamun,daily_life;art_statues;mummies_afterlife,couple,balanced,balanced,full,avoid
581,180,tutankhamun;middle_kingdom;late_greco_roman,royalty;discovery_archaeology;art_statues;writing_literature;daily_life,couple,fast,balanced,full,neutral
582,120,late_greco_roman;new_kingdom;tutankhamun,ships_transport;daily_life;art_statues;mummies_afterlife,couple,balanced,highlights,full,avoid
583,60,late_greco_roman,discovery_archaeology;gold_jewelry,group,relaxed,balanced,full,avoid
584,240,middle_kingdom;old_kingdom;late_greco_roman,gold_jewelry;art_statues;religion_gods,solo,relaxed,deep,full,neutral
585,240,old_kingdom;new_kingdom,art_statues;religion_gods;gold_jewelry,student,fast,highlights,full,avoid
586,240,middle_kingdom;late_greco_roman;prehistoric_early,architecture;writing_literature;religion_gods,student,fast,deep,full,avoid
587,120,new_kingdom,architecture;writing_literature;daily_life;war_weapons,student,balanced,balanced,full,avoid
588,180,new_kingdom;prehistoric_early,war_weapons;animals;writing_literature,family_kids,balanced,highlights,full,avoid
589,120,middle_kingdom,war_weapons;gold_jewelry;architecture;animals,family_kids,fast,balanced,wheelchair,neutral
590,240,prehistoric_early,ships_transport;architecture,group,balanced,balanced,wheelchair,neutral
591,60,prehistoric_early;old_kingdom,ships_transport;mummies_afterlife;art_statues;architecture,couple,relaxed,balanced,full,neutral
592,60,new_kingdom,mummies_afterlife;gold_jewelry;religion_gods;architecture,solo,fast,balanced,full,neutral
593,180,prehistoric_early;middle_kingdom,religion_gods;daily_life;art_statues,couple,balanced,balanced,full,neutral
594,60,middle_kingdom,gold_jewelry;architecture,group,balanced,deep,wheelchair,neutral
595,120,new_kingdom,mummies_afterlife;animals;writing_literature;ships_transport,solo,balanced,balanced,wheelchair,neutral
596,90,new_kingdom;tutankhamun;old_kingdom,ships_transport;daily_life,couple,relaxed,balanced,full,avoid
597,180,tutankhamun;new_kingdom,art_statues,solo,relaxed,highlights,full,avoid
598,180,tutankhamun,mummies_afterlife,family_kids,relaxed,balanced,full,neutral
599,90,new_kingdom,gold_jewelry;daily_life;royalty;animals;war_weapons,group,balanced,highlights,full,neutral
600,120,,animals;war_weapons,family_kids,balanced,deep,full,avoid
601,90,middle_kingdom;prehistoric_early,discovery_archaeology;animals;war_weapons;gold_jewelry;art_statues,family_kids,relaxed,balanced,full,neutral
602,300,old_kingdom,architecture;mummies_afterlife;royalty;discovery_archaeology,solo,balanced,deep,full,avoid
603,180,old_kingdom;new_kingdom;tutankhamun,gold_jewelry;animals;daily_life,family_kids,balanced,balanced,full,neutral
604,60,prehistoric_early;tutankhamun,art_statues;writing_literature;discovery_archaeology,solo,balanced,deep,full,avoid
605,120,late_greco_roman,writing_literature;mummies_afterlife,group,balanced,highlights,full,avoid
606,120,,animals;discovery_archaeology,student,balanced,balanced,full,neutral
607,300,late_greco_roman;old_kingdom,war_weapons;ships_transport,family_kids,relaxed,balanced,avoid_stairs,neutral
608,240,prehistoric_early,animals;art_statues;royalty,solo,fast,balanced,full,neutral
609,90,old_kingdom;new_kingdom;late_greco_roman,gold_jewelry,couple,relaxed,balanced,full,neutral
610,120,late_greco_roman,ships_transport;art_statues;animals;gold_jewelry,family_kids,balanced,deep,full,neutral
611,120,prehistoric_early;old_kingdom;late_greco_roman,animals;writing_literature;gold_jewelry;architecture,solo,balanced,highlights,avoid_stairs,avoid
612,240,late_greco_roman;prehistoric_early,daily_life;royalty;ships_transport;religion_gods;war_weapons,solo,balanced,highlights,full,neutral
613,300,new_kingdom,daily_life;royalty,family_kids,balanced,highlights,full,avoid
614,120,tutankhamun,architecture;mummies_afterlife;royalty;daily_life;writing_literature,solo,relaxed,highlights,full,neutral
615,120,middle_kingdom,animals;writing_literature,solo,relaxed,deep,full,avoid
616,90,tutankhamun;old_kingdom;middle_kingdom,writing_literature;art_statues,couple,balanced,deep,full,neutral
617,240,old_kingdom,war_weapons;art_statues;gold_jewelry;animals;architecture,family_kids,relaxed,highlights,full,neutral
618,90,prehistoric_early,animals;religion_gods;war_weapons,family_kids,balanced,highlights,full,neutral
619,240,middle_kingdom;tutankhamun;old_kingdom,gold_jewelry;architecture;daily_life;ships_transport;royalty,couple,relaxed,balanced,full,neutral
620,60,late_greco_roman;new_kingdom,religion_gods;daily_life;gold_jewelry,couple,relaxed,balanced,full,neutral
621,240,middle_kingdom;prehistoric_early,war_weapons;gold_jewelry;writing_literature;mummies_afterlife,family_kids,fast,highlights,full,avoid
622,180,old_kingdom,religion_gods;gold_jewelry;daily_life;ships_transport,solo,balanced,balanced,full,neutral
623,120,late_greco_roman;prehistoric_early,mummies_afterlife;animals;architecture;religion_gods,family_kids,relaxed,highlights,full,neutral
624,180,prehistoric_early;middle_kingdom;late_greco_roman,gold_jewelry;writing_literature,group,relaxed,deep,full,avoid
625,180,prehistoric_early;tutankhamun,war_weapons;religion_gods;gold_jewelry;ships_transport,solo,fast,deep,wheelchair,avoid
626,180,new_kingdom;old_kingdom,war_weapons;mummies_afterlife,student,fast,highlights,full,avoid
627,60,old_kingdom;tutankhamun,religion_gods;architecture;ships_transport;discovery_archaeology,student,balanced,highlights,full,neutral
628,180,tutankhamun,gold_jewelry;mummies_afterlife;art_statues,group,balanced,deep,full,neutral
629,120,old_kingdom;middle_kingdom,art_statues;religion_gods;gold_jewelry;architecture;royalty,group,balanced,balanced,full,neutral
630,180,old_kingdom,discovery_archaeology,family_kids,balanced,highlights,full,avoid
631,90,prehistoric_early;middle_kingdom;late_greco_roman,mummies_afterlife,solo,balanced,balanced,full,neutral
632,180,late_greco_roman;old_kingdom,writing_literature;royalty;war_weapons;discovery_archaeology;ships_transport,group,balanced,balanced,full,neutral
633,120,old_kingdom,art_statues,solo,fast,deep,full,neutral
634,120,old_kingdom;prehistoric_early,royalty;daily_life,family_kids,relaxed,highlights,full,neutral
635,120,tutankhamun;late_greco_roman;middle_kingdom,gold_jewelry,solo,balanced,highlights,full,avoid
636,120,middle_kingdom;late_greco_roman,gold_jewelry;royalty;daily_life,couple,balanced,highlights,full,neutral
637,180,middle_kingdom;new_kingdom,animals;gold_jewelry,couple,relaxed,balanced,full,neutral
638,120,,gold_jewelry;writing_literature;art_statues,couple,balanced,highlights,full,neutral
639,120,,architecture;animals;mummies_afterlife;royalty,solo,relaxed,balanced,full,neutral
640,180,middle_kingdom,architecture;war_weapons;religion_gods,family_kids,balanced,deep,full,avoid
641,120,,gold_jewelry;war_weapons;writing_literature;ships_transport,family_kids,balanced,balanced,full,neutral
642,90,late_greco_roman;new_kingdom;middle_kingdom,royalty;art_statues;mummies_afterlife,group,balanced,highlights,full,avoid
643,120,new_kingdom;tutankhamun,architecture;war_weapons;writing_literature;animals;gold_jewelry,solo,balanced,balanced,full,avoid
644,120,tutankhamun;middle_kingdom,mummies_afterlife;royalty,group,fast,balanced,wheelchair,neutral
645,120,new_kingdom;late_greco_roman,mummies_afterlife;daily_life,group,relaxed,balanced,full,neutral
646,180,,gold_jewelry;architecture;royalty,solo,balanced,highlights,full,avoid
647,300,,discovery_archaeology;mummies_afterlife;war_weapons;animals;writing_literature,student,balanced,balanced,full,neutral
648,60,,war_weapons,family_kids,fast,balanced,full,neutral
649,120,old_kingdom,animals;religion_gods;gold_jewelry,family_kids,balanced,highlights,full,neutral
650,240,new_kingdom;old_kingdom,discovery_archaeology,student,relaxed,balanced,full,neutral
651,120,late_greco_roman,ships_transport;war_weapons,solo,balanced,highlights,full,neutral
652,180,tutankhamun,writing_literature;discovery_archaeology,student,balanced,balanced,full,neutral
653,300,middle_kingdom;prehistoric_early,ships_transport;gold_jewelry,family_kids,balanced,balanced,full,avoid
654,90,old_kingdom;middle_kingdom,discovery_archaeology;gold_jewelry;animals;architecture;daily_life,couple,balanced,balanced,avoid_stairs,neutral
655,90,tutankhamun;late_greco_roman,gold_jewelry;mummies_afterlife,group,balanced,balanced,full,neutral
656,120,late_greco_roman,architecture;ships_transport,group,relaxed,highlights,wheelchair,neutral
657,120,tutankhamun;middle_kingdom,architecture;religion_gods;royalty,group,balanced,highlights,full,neutral
658,300,,mummies_afterlife;discovery_archaeology,group,balanced,deep,full,avoid
659,60,late_greco_roman;new_kingdom,ships_transport;royalty;animals,solo,balanced,deep,avoid_stairs,avoid
660,180,old_kingdom;tutankhamun,architecture;gold_jewelry,solo,balanced,deep,full,avoid
661,240,,ships_transport;war_weapons,family_kids,balanced,balanced,full,neutral
662,240,tutankhamun,ships_transport,family_kids,balanced,balanced,avoid_stairs,neutral
663,180,late_greco_roman;middle_kingdom,royalty;art_statues,group,fast,balanced,full,avoid
664,180,old_kingdom,architecture;daily_life,student,balanced,balanced,wheelchair,avoid
665,180,middle_kingdom,gold_jewelry;war_weapons;daily_life;ships_transport,solo,relaxed,highlights,wheelchair,neutral
666,90,late_greco_roman;middle_kingdom;prehistoric_early,writing_literature;gold_jewelry,group,balanced,deep,avoid_stairs,avoid
667,180,late_greco_roman;prehistoric_early;tutankhamun,mummies_afterlife;war_weapons;gold_jewelry;art_statues,group,balanced,balanced,avoid_stairs,avoid
668,60,middle_kingdom;old_kingdom,gold_jewelry;ships_transport;writing_literature;animals;daily_life,family_kids,relaxed,deep,full,neutral
669,90,tutankhamun;new_kingdom,war_weapons;animals;religion_gods,family_kids,relaxed,balanced,full,avoid
670,120,,mummies_afterlife;royalty;animals;war_weapons,couple,relaxed,deep,full,avoid
671,300,new_kingdom;middle_kingdom;late_greco_roman,royalty;daily_life,group,fast,balanced,avoid_stairs,neutral
672,240,late_greco_roman;old_kingdom;prehistoric_early,religion_gods;war_weapons,group,balanced,deep,full,avoid
673,180,new_kingdom,animals;writing_literature;religion_gods,student,balanced,deep,full,avoid
674,120,,gold_jewelry;architecture;animals;art_statues,family_kids,balanced,balanced,full,avoid
675,60,new_kingdom;tutankhamun;old_kingdom,writing_literature;mummies_afterlife;architecture;animals;royalty,solo,relaxed,deep,full,avoid
676,120,old_kingdom;new_kingdom,gold_jewelry;war_weapons;discovery_archaeology,family_kids,relaxed,deep,full,avoid
677,180,new_kingdom;tutankhamun,art_statues;ships_transport,family_kids,balanced,highlights,full,neutral
678,120,prehistoric_early,ships_transport;mummies_afterlife;animals,family_kids,fast,balanced,full,neutral
679,180,,religion_gods,student,balanced,highlights,full,neutral
680,60,new_kingdom,ships_transport;discovery_archaeology;writing_literature,student,fast,balanced,full,neutral
681,180,,royalty;writing_literature;ships_transport;daily_life,solo,fast,balanced,wheelchair,avoid
682,60,tutankhamun,religion_gods;war_weapons;animals;daily_life,family_kids,fast,highlights,full,neutral
683,60,prehistoric_early;late_greco_roman,discovery_archaeology,solo,relaxed,balanced,full,neutral
684,240,,ships_transport;art_statues;discovery_archaeology,family_kids,balanced,balanced,full,avoid
685,120,late_greco_roman;old_kingdom;tutankhamun,art_statues;discovery_archaeology;gold_jewelry,solo,balanced,highlights,full,neutral
686,60,,architecture,student,balanced,highlights,full,neutral
687,60,new_kingdom,mummies_afterlife;ships_transport;royalty;writing_literature;architecture,solo,fast,highlights,full,avoid
688,240,new_kingdom;old_kingdom;middle_kingdom,ships_transport;gold_jewelry;royalty,family_kids,fast,highlights,avoid_stairs,neutral
689,60,prehistoric_early,architecture;gold_jewelry,group,relaxed,deep,full,neutral
690,90,new_kingdom,ships_transport;war_weapons;gold_jewelry,family_kids,relaxed,balanced,full,neutral
691,240,prehistoric_early;late_greco_roman,royalty;mummies_afterlife;writing_literature,group,balanced,highlights,full,avoid
692,120,old_kingdom;middle_kingdom,ships_transport;writing_literature;religion_gods;art_statues,family_kids,relaxed,balanced,full,neutral
693,180,prehistoric_early;middle_kingdom,gold_jewelry;mummies_afterlife;writing_literature;religion_gods,group,relaxed,balanced,full,neutral
694,300,tutankhamun,religion_gods,solo,balanced,balanced,full,avoid
695,60,late_greco_roman,mummies_afterlife;art_statues;gold_jewelry;religion_gods;architecture,group,relaxed,balanced,full,neutral
696,120,new_kingdom,daily_life;architecture,couple,balanced,highlights,full,avoid
697,240,late_greco_roman;new_kingdom;tutankhamun,mummies_afterlife;discovery_archaeology;architecture,solo,balanced,balanced,full,avoid
698,60,,religion_gods;gold_jewelry;royalty,couple,balanced,balanced,wheelchair,neutral
699,120,late_greco_roman;old_kingdom,art_statues,couple,relaxed,highlights,full,neutral
700,240,prehistoric_early,gold_jewelry;religion_gods;animals,group,balanced,highlights,full,neutral
701,120,middle_kingdom,gold_jewelry;mummies_afterlife,group,balanced,highlights,full,avoid
702,120,prehistoric_early;late_greco_roman,ships_transport;animals,solo,balanced,balanced,full,avoid
703,240,late_greco_roman;new_kingdom,daily_life;gold_jewelry;mummies_afterlife;architecture;discovery_archaeology,group,balanced,highlights,avoid_stairs,neutral
704,180,prehistoric_early;late_greco_roman,animals;gold_jewelry;art_statues,family_kids,balanced,balanced,full,avoid
705,60,prehistoric_early,mummies_afterlife;gold_jewelry;ships_transport,solo,relaxed,highlights,full,neutral
706,240,late_greco_roman,war_weapons;mummies_afterlife,solo,balanced,highlights,full,neutral
707,240,old_kingdom,art_statues,family_kids,fast,highlights,full,neutral
708,180,new_kingdom;middle_kingdom,mummies_afterlife,group,balanced,highlights,full,neutral
709,120,,art_statues;discovery_archaeology;royalty,group,relaxed,balanced,avoid_stairs,avoid
710,180,,gold_jewelry;ships_transport;writing_literature;royalty,couple,fast,highlights,avoid_stairs,neutral
711,120,,architecture;royalty,couple,balanced,balanced,full,avoid
712,120,tutankhamun;old_kingdom,war_weapons;ships_transport,couple,relaxed,deep,full,neutral
713,60,middle_kingdom;late_greco_roman;old_kingdom,ships_transport;art_statues;mummies_afterlife,group,balanced,balanced,wheelchair,neutral
714,120,late_greco_roman,animals;gold_jewelry,solo,relaxed,highlights,full,avoid
715,240,tutankhamun,discovery_archaeology;gold_jewelry;art_statues,student,balanced,balanced,full,neutral
716,180,late_greco_roman;prehistoric_early,daily_life;art_statues;gold_jewelry,couple,relaxed,highlights,full,neutral
717,120,old_kingdom,mummies_afterlife;gold_jewelry;daily_life,couple,balanced,deep,wheelchair,avoid
718,240,,discovery_archaeology;daily_life;architecture;religion_gods;writing_literature,student,balanced,highlights,full,avoid
719,300,middle_kingdom;tutankhamun,war_weapons;ships_transport,solo,balanced,balanced,full,neutral
720,240,late_greco_roman;tutankhamun,mummies_afterlife;gold_jewelry;royalty,group,relaxed,deep,full,neutral
721,120,tutankhamun;old_kingdom;new_kingdom,ships_transport,solo,fast,deep,full,avoid
722,180,new_kingdom,war_weapons,couple,fast,balanced,full,avoid
723,180,old_kingdom,discovery_archaeology;animals;daily_life;architecture,student,balanced,highlights,wheelchair,avoid
724,120,new_kingdom,animals;mummies_afterlife;war_weapons;royalty,group,balanced,balanced,full,avoid
725,180,tutankhamun,religion_gods;daily_life;gold_jewelry;royalty,solo,fast,deep,full,neutral
726,240,new_kingdom,ships_transport;discovery_archaeology;religion_gods;architecture;war_weapons,family_kids,relaxed,balanced,full,neutral
727,60,prehistoric_early,discovery_archaeology;writing_literature,family_kids,balanced,balanced,full,neutral
728,180,prehistoric_early;tutankhamun,architecture;art_statues;royalty;daily_life;mummies_afterlife,group,fast,balanced,full,neutral
729,180,,gold_jewelry,group,balanced,deep,full,avoid
730,240,tutankhamun;old_kingdom,daily_life;discovery_archaeology,couple,balanced,highlights,full,avoid
731,240,new_kingdom,animals;writing_literature;architecture;discovery_archaeology,solo,relaxed,balanced,full,avoid
732,120,prehistoric_early,animals;discovery_archaeology;writing_literature;royalty;art_statues,couple,balanced,balanced,full,neutral
733,60,,gold_jewelry;religion_gods,couple,relaxed,balanced,full,avoid
734,240,prehistoric_early;tutankhamun;old_kingdom,ships_transport,group,relaxed,deep,full,avoid
735,60,old_kingdom,animals;art_statues;religion_gods;gold_jewelry,couple,relaxed,highlights,full,avoid
736,60,late_greco_roman,gold_jewelry,family_kids,relaxed,highlights,full,neutral
737,120,late_greco_roman;old_kingdom;new_kingdom,religion_gods;architecture,solo,fast,highlights,full,avoid
738,90,,discovery_archaeology;architecture,solo,relaxed,balanced,full,neutral
739,180,late_greco_roman;tutankhamun;old_kingdom,mummies_afterlife;gold_jewelry,solo,balanced,balanced,wheelchair,neutral
740,90,new_kingdom,ships_transport;war_weapons;animals;gold_jewelry;royalty,family_kids,balanced,balanced,wheelchair,neutral
741,90,,ships_transport,family_kids,balanced,highlights,full,neutral
742,180,tutankhamun;middle_kingdom,ships_transport;gold_jewelry;architecture;royalty;mummies_afterlife,group,balanced,highlights,full,avoid
743,60,middle_kingdom,writing_literature;religion_gods;architecture;discovery_archaeology;animals,student,balanced,balanced,full,avoid
744,120,middle_kingdom,daily_life;royalty;war_weapons;gold_jewelry;ships_transport,student,balanced,balanced,full,neutral
745,90,old_kingdom;tutankhamun;middle_kingdom,architecture;gold_jewelry,couple,fast,highlights,full,avoid
746,240,prehistoric_early,religion_gods;discovery_archaeology;art_statues,solo,balanced,highlights,full,neutral
747,120,old_kingdom,gold_jewelry;animals;architecture,couple,balanced,highlights,full,avoid
748,180,tutankhamun;old_kingdom,writing_literature;mummies_afterlife;architecture;animals,group,balanced,highlights,full,neutral
749,60,,gold_jewelry;religion_gods;mummies_afterlife,solo,relaxed,deep,full,avoid
750,90,new_kingdom;tutankhamun,discovery_archaeology,solo,relaxed,highlights,full,avoid
751,90,middle_kingdom,war_weapons;gold_jewelry;royalty;architecture,family_kids,relaxed,deep,full,neutral
752,90,new_kingdom,discovery_archaeology;writing_literature;ships_transport;gold_jewelry,student,balanced,highlights,avoid_stairs,neutral
753,120,new_kingdom,royalty;ships_transport;animals;architecture;mummies_afterlife,group,fast,balanced,avoid_stairs,neutral
754,60,late_greco_roman,ships_transport;discovery_archaeology;animals;religion_gods,solo,relaxed,balanced,full,avoid
755,180,new_kingdom,animals;art_statues;ships_transport;royalty,family_kids,relaxed,deep,full,neutral
756,90,late_greco_roman,royalty;daily_life;art_statues,couple,balanced,balanced,full,avoid
757,240,new_kingdom;old_kingdom,ships_transport;royalty,group,fast,balanced,full,avoid
758,180,tutankhamun;late_greco_roman,royalty;art_statues,group,balanced,highlights,avoid_stairs,neutral
759,90,tutankhamun;old_kingdom,mummies_afterlife;ships_transport;war_weapons,solo,balanced,balanced,full,neutral
760,240,tutankhamun,art_statues;discovery_archaeology;religion_gods;daily_life;royalty,solo,balanced,deep,full,neutral
761,120,old_kingdom,daily_life;discovery_archaeology;gold_jewelry,couple,relaxed,highlights,full,neutral
762,120,,royalty;religion_gods;writing_literature;architecture;discovery_archaeology,student,fast,highlights,full,avoid
763,90,prehistoric_early;tutankhamun,architecture;art_statues;daily_life,couple,relaxed,deep,full,neutral
764,180,old_kingdom,mummies_afterlife;religion_gods;gold_jewelry,solo,relaxed,highlights,full,avoid
765,120,,mummies_afterlife;daily_life;discovery_archaeology;gold_jewelry,group,balanced,balanced,full,avoid
766,120,new_kingdom;middle_kingdom,gold_jewelry;architecture;royalty,family_kids,balanced,balanced,avoid_stairs,neutral
767,90,tutankhamun;middle_kingdom,ships_transport;discovery_archaeology;writing_literature,family_kids,balanced,balanced,full,neutral
768,60,old_kingdom,art_statues;mummies_afterlife;discovery_archaeology,group,relaxed,deep,full,neutral
769,180,prehistoric_early,art_statues,family_kids,relaxed,balanced,full,avoid
770,180,late_greco_roman;middle_kingdom,religion_gods;war_weapons;ships_transport,solo,balanced,deep,avoid_stairs,neutral
771,240,new_kingdom;late_greco_roman;old_kingdom,ships_transport;architecture;royalty;religion_gods;discovery_archaeology,student,relaxed,balanced,full,neutral
772,180,tutankhamun;middle_kingdom,art_statues;gold_jewelry;architecture;ships_transport;war_weapons,solo,relaxed,balanced,full,avoid
773,300,,art_statues;gold_jewelry;mummies_afterlife;ships_transport,couple,balanced,deep,full,avoid
774,300,,gold_jewelry,family_kids,balanced,balanced,full,avoid
775,240,late_greco_roman;middle_kingdom,religion_gods;animals;discovery_archaeology;daily_life,solo,balanced,balanced,full,neutral
776,120,middle_kingdom;tutankhamun,discovery_archaeology;gold_jewelry;architecture;religion_gods,solo,fast,deep,full,avoid
777,180,late_greco_roman,religion_gods;art_statues;mummies_afterlife;discovery_archaeology,solo,relaxed,balanced,full,avoid
778,180,tutankhamun;prehistoric_early,animals;architecture,group,relaxed,highlights,full,avoid
779,90,,discovery_archaeology;architecture;mummies_afterlife;royalty,group,fast,balanced,full,avoid
780,120,old_kingdom;tutankhamun,animals;royalty;mummies_afterlife;religion_gods;architecture,group,balanced,deep,full,avoid
781,90,tutankhamun;new_kingdom;middle_kingdom,writing_literature;mummies_afterlife;gold_jewelry;royalty;architecture,group,balanced,highlights,full,neutral
782,180,prehistoric_early,daily_life;animals;discovery_archaeology,solo,relaxed,deep,full,avoid
783,90,late_greco_roman;tutankhamun,gold_jewelry;daily_life;ships_transport,solo,relaxed,highlights,full,avoid
784,90,,religion_gods;war_weapons;animals,family_kids,relaxed,balanced,avoid_stairs,avoid
785,240,new_kingdom;tutankhamun,royalty;discovery_archaeology,solo,relaxed,highlights,full,neutral
786,120,middle_kingdom,royalty;art_statues;daily_life,couple,relaxed,balanced,full,neutral
787,60,prehistoric_early,writing_literature;ships_transport;art_statues;gold_jewelry;discovery_archaeology,couple,relaxed,deep,full,neutral
788,240,tutankhamun,discovery_archaeology;religion_gods;architecture,student,relaxed,deep,full,avoid
789,60,new_kingdom;middle_kingdom,mummies_afterlife;religion_gods;writing_literature;architecture,group,fast,balanced,full,neutral
790,120,old_kingdom,art_statues;religion_gods,couple,fast,balanced,full,avoid
791,240,tutankhamun;late_greco_roman,daily_life;art_statues;royalty,couple,balanced,highlights,full,neutral
792,180,old_kingdom;late_greco_roman,religion_gods;royalty;discovery_archaeology,solo,balanced,balanced,full,avoid
793,120,old_kingdom,religion_gods;mummies_afterlife,family_kids,relaxed,balanced,full,neutral
794,120,tutankhamun,royalty;religion_gods;daily_life;mummies_afterlife,solo,fast,balanced,wheelchair,neutral
795,120,prehistoric_early,gold_jewelry;architecture;art_statues;royalty,couple,balanced,balanced,full,avoid
796,90,tutankhamun,gold_jewelry;royalty;animals,group,relaxed,highlights,full,avoid
797,90,old_kingdom,daily_life;architecture,couple,fast,highlights,avoid_stairs,neutral
798,120,,discovery_archaeology;writing_literature;mummies_afterlife,student,balanced,balanced,full,neutral
799,120,middle_kingdom;tutankhamun,architecture;royalty,group,fast,deep,full,neutral
800,240,late_greco_roman;old_kingdom,religion_gods;mummies_afterlife;ships_transport,group,balanced,balanced,full,avoid
801,180,middle_kingdom;new_kingdom,war_weapons;daily_life,family_kids,balanced,deep,full,neutral
802,60,,architecture;war_weapons,solo,balanced,highlights,avoid_stairs,neutral
803,180,new_kingdom;old_kingdom,art_statues;ships_transport;architecture,solo,relaxed,highlights,full,avoid
804,120,tutankhamun,art_statues;ships_transport;gold_jewelry;architecture,solo,balanced,balanced,full,avoid
805,120,old_kingdom,mummies_afterlife,group,relaxed,balanced,full,avoid
806,60,new_kingdom;prehistoric_early,ships_transport;animals;architecture,family_kids,fast,deep,full,neutral
807,180,late_greco_roman;new_kingdom;middle_kingdom,daily_life;animals,solo,relaxed,balanced,full,neutral
808,120,,ships_transport;gold_jewelry,solo,balanced,highlights,full,neutral
809,120,tutankhamun;new_kingdom,daily_life;mummies_afterlife;architecture;war_weapons;art_statues,solo,relaxed,balanced,full,avoid
810,240,late_greco_roman,religion_gods;architecture,group,relaxed,highlights,full,neutral
811,180,middle_kingdom,writing_literature;animals;mummies_afterlife;architecture,solo,relaxed,highlights,full,avoid
812,120,prehistoric_early;new_kingdom,mummies_afterlife;daily_life;royalty,solo,fast,balanced,full,avoid
813,180,new_kingdom,war_weapons,group,fast,balanced,full,neutral
814,60,tutankhamun;late_greco_roman,daily_life,couple,balanced,balanced,full,neutral
815,120,middle_kingdom;prehistoric_early,gold_jewelry;art_statues,couple,relaxed,balanced,full,neutral
816,180,,ships_transport;writing_literature,solo,balanced,deep,full,neutral
817,240,,daily_life;royalty;war_weapons;architecture,couple,balanced,deep,full,neutral
818,120,new_kingdom;middle_kingdom;tutankhamun,mummies_afterlife;gold_jewelry;daily_life;religion_gods,group,balanced,balanced,full,neutral
819,60,prehistoric_early;new_kingdom;tutankhamun,ships_transport;daily_life;war_weapons,family_kids,fast,balanced,full,neutral
820,90,tutankhamun;late_greco_roman,art_statues,couple,fast,deep,full,avoid
821,300,,gold_jewelry;ships_transport,couple,balanced,deep,full,avoid
822,120,prehistoric_early,religion_gods;daily_life;art_statues;gold_jewelry;royalty,couple,fast,balanced,full,avoid
823,120,late_greco_roman,animals,group,balanced,deep,full,neutral
824,90,tutankhamun;middle_kingdom,art_statues;religion_gods;gold_jewelry;royalty,couple,balanced,highlights,avoid_stairs,neutral
825,60,new_kingdom;old_kingdom,writing_literature;discovery_archaeology;animals;architecture;royalty,student,balanced,balanced,full,avoid
826,240,,ships_transport;war_weapons;architecture,solo,fast,deep,full,neutral
827,180,prehistoric_early,royalty,group,balanced,balanced,full,avoid
828,180,tutankhamun,gold_jewelry;animals;art_statues;writing_literature;daily_life,solo,balanced,deep,full,neutral
829,180,new_kingdom;late_greco_roman,animals,couple,balanced,balanced,full,neutral
830,240,late_greco_roman,war_weapons;gold_jewelry,family_kids,fast,deep,full,neutral
831,120,late_greco_roman,war_weapons;animals,solo,fast,deep,full,avoid
832,60,old_kingdom;new_kingdom,war_weapons;gold_jewelry;discovery_archaeology,group,balanced,balanced,full,neutral
833,240,old_kingdom,daily_life;art_statues,family_kids,balanced,highlights,avoid_stairs,avoid
834,120,tutankhamun,ships_transport;royalty;daily_life,solo,balanced,balanced,full,avoid
835,120,prehistoric_early;tutankhamun,discovery_archaeology;gold_jewelry;animals;art_statues,couple,fast,balanced,full,neutral
836,240,tutankhamun,animals;writing_literature;discovery_archaeology;war_weapons,solo,balanced,balanced,full,neutral
837,60,prehistoric_early;late_greco_roman,royalty;mummies_afterlife,couple,balanced,highlights,full,avoid
838,90,,architecture;war_weapons;royalty;ships_transport;religion_gods,solo,fast,deep,full,neutral
839,180,middle_kingdom;prehistoric_early;old_kingdom,daily_life;royalty;architecture,couple,balanced,highlights,full,avoid
840,60,prehistoric_early;tutankhamun;old_kingdom,art_statues;gold_jewelry,student,balanced,balanced,full,neutral
841,120,tutankhamun;new_kingdom,war_weapons;daily_life;art_statues;ships_transport,couple,balanced,highlights,avoid_stairs,neutral
842,60,new_kingdom,royalty;religion_gods;mummies_afterlife,student,balanced,balanced,full,neutral
843,120,old_kingdom;middle_kingdom,religion_gods;daily_life,solo,relaxed,balanced,full,neutral
844,120,old_kingdom;prehistoric_early,religion_gods;royalty;gold_jewelry,couple,relaxed,highlights,full,neutral
845,180,prehistoric_early,daily_life;royalty;gold_jewelry,couple,balanced,balanced,wheelchair,avoid
846,90,prehistoric_early;middle_kingdom,war_weapons;daily_life,solo,balanced,balanced,full,neutral
847,300,middle_kingdom,royalty;animals,solo,relaxed,balanced,full,avoid
848,120,prehistoric_early;old_kingdom,discovery_archaeology;gold_jewelry,student,balanced,balanced,full,avoid
849,180,tutankhamun;new_kingdom,ships_transport;architecture;religion_gods;animals;discovery_archaeology,student,balanced,highlights,full,neutral
850,60,middle_kingdom;late_greco_roman,discovery_archaeology;royalty,couple,relaxed,highlights,full,neutral
851,180,tutankhamun,royalty;religion_gods,couple,balanced,highlights,avoid_stairs,neutral
852,90,prehistoric_early;tutankhamun;new_kingdom,war_weapons;ships_transport;daily_life;art_statues,solo,balanced,balanced,full,avoid
853,120,prehistoric_early;late_greco_roman,discovery_archaeology,family_kids,balanced,balanced,full,neutral
854,180,late_greco_roman,war_weapons;royalty;writing_literature;mummies_afterlife,solo,balanced,balanced,full,neutral
855,120,new_kingdom;middle_kingdom,architecture;gold_jewelry;war_weapons,couple,balanced,balanced,full,neutral
856,60,middle_kingdom;tutankhamun,art_statues;discovery_archaeology,solo,balanced,highlights,full,neutral
857,120,new_kingdom;prehistoric_early,daily_life;religion_gods;royalty,solo,fast,highlights,avoid_stairs,avoid
858,180,old_kingdom;tutankhamun,art_statues,couple,balanced,deep,wheelchair,neutral
859,120,new_kingdom,daily_life;war_weapons;royalty,solo,balanced,deep,full,avoid
860,240,late_greco_roman,royalty;gold_jewelry;war_weapons,group,relaxed,highlights,full,neutral
861,90,prehistoric_early;middle_kingdom,ships_transport,family_kids,relaxed,highlights,full,avoid
862,120,old_kingdom;tutankhamun;late_greco_roman,daily_life;animals;architecture;writing_literature,student,relaxed,highlights,full,neutral
863,120,middle_kingdom,ships_transport,family_kids,balanced,deep,full,neutral
864,180,new_kingdom;tutankhamun,mummies_afterlife;art_statues,solo,relaxed,deep,full,neutral
865,240,new_kingdom,discovery_archaeology;war_weapons,family_kids,fast,balanced,wheelchair,neutral
866,60,old_kingdom;late_greco_roman;new_kingdom,art_statues,student,relaxed,balanced,wheelchair,neutral
867,180,late_greco_roman,mummies_afterlife,solo,relaxed,deep,full,neutral
868,240,tutankhamun;late_greco_roman,mummies_afterlife;royalty;animals,group,balanced,highlights,wheelchair,neutral
869,60,middle_kingdom;late_greco_roman,gold_jewelry;war_weapons;discovery_archaeology;daily_life,family_kids,relaxed,highlights,full,neutral
870,120,prehistoric_early;old_kingdom;new_kingdom,animals;war_weapons,family_kids,relaxed,highlights,avoid_stairs,avoid
871,120,late_greco_roman;tutankhamun;old_kingdom,architecture,student,balanced,highlights,wheelchair,avoid
872,120,old_kingdom;prehistoric_early;late_greco_roman,war_weapons;animals;art_statues;daily_life,family_kids,balanced,highlights,full,neutral
873,120,,art_statues;animals,family_kids,balanced,highlights,full,avoid
874,120,,ships_transport;war_weapons,group,relaxed,balanced,full,neutral
875,240,,mummies_afterlife;religion_gods,group,relaxed,balanced,full,neutral
876,180,prehistoric_early;late_greco_roman,discovery_archaeology;daily_life;ships_transport;architecture;gold_jewelry,solo,relaxed,highlights,full,neutral
877,120,middle_kingdom,war_weapons;animals;religion_gods,family_kids,balanced,balanced,full,avoid
878,300,late_greco_roman,war_weapons;discovery_archaeology;animals,solo,balanced,balanced,full,avoid
879,90,new_kingdom;old_kingdom;middle_kingdom,royalty;daily_life;religion_gods,group,balanced,highlights,full,avoid
880,180,new_kingdom;prehistoric_early;tutankhamun,writing_literature;daily_life,solo,relaxed,highlights,full,neutral
881,240,tutankhamun,ships_transport;gold_jewelry;discovery_archaeology;royalty,solo,relaxed,balanced,full,avoid
882,90,tutankhamun;new_kingdom,discovery_archaeology;architecture,solo,balanced,highlights,full,avoid
883,120,,art_statues;war_weapons;gold_jewelry,solo,balanced,deep,avoid_stairs,neutral
884,240,,writing_literature;gold_jewelry,solo,balanced,balanced,full,avoid
885,240,,war_weapons;animals;writing_literature;art_statues,solo,balanced,highlights,full,neutral
886,120,prehistoric_early,discovery_archaeology;religion_gods;architecture,solo,relaxed,highlights,full,avoid
887,240,late_greco_roman,war_weapons;royalty,group,balanced,balanced,wheelchair,avoid
888,90,,daily_life;war_weapons;gold_jewelry;art_statues;ships_transport,solo,relaxed,deep,full,neutral
889,180,new_kingdom,daily_life;mummies_afterlife;war_weapons;architecture;animals,group,relaxed,highlights,avoid_stairs,neutral
890,240,middle_kingdom;late_greco_roman;tutankhamun,gold_jewelry;royalty;war_weapons;ships_transport,family_kids,balanced,balanced,full,neutral
891,90,prehistoric_early,writing_literature;daily_life;art_statues;animals,couple,relaxed,deep,full,neutral
892,120,,mummies_afterlife;gold_jewelry;royalty;art_statues;architecture,group,balanced,balanced,full,avoid
893,60,late_greco_roman,religion_gods;war_weapons;gold_jewelry,family_kids,fast,balanced,full,avoid
894,120,prehistoric_early;tutankhamun;old_kingdom,daily_life;royalty;art_statues;mummies_afterlife;discovery_archaeology,couple,balanced,deep,full,neutral
895,180,,religion_gods;royalty;daily_life,solo,balanced,balanced,full,avoid
896,120,,discovery_archaeology;mummies_afterlife;animals;war_weapons;royalty,family_kids,relaxed,balanced,full,avoid
897,180,,discovery_archaeology;art_statues;animals,family_kids,relaxed,balanced,full,avoid
898,180,late_greco_roman,writing_literature;animals;discovery_archaeology,solo,balanced,balanced,full,avoid
899,180,late_greco_roman,religion_gods;writing_literature;gold_jewelry,solo,balanced,highlights,full,avoid
900,120,,war_weapons;gold_jewelry;writing_literature,solo,fast,highlights,full,avoid
901,90,middle_kingdom;late_greco_roman;prehistoric_early,discovery_archaeology;royalty,solo,fast,highlights,full,neutral
902,120,new_kingdom,architecture,group,balanced,balanced,wheelchair,avoid
903,300,new_kingdom,writing_literature;religion_gods,student,balanced,highlights,avoid_stairs,neutral
904,120,middle_kingdom;tutankhamun,war_weapons;religion_gods,family_kids,relaxed,balanced,full,avoid
905,240,tutankhamun;late_greco_roman,animals;daily_life,couple,balanced,highlights,full,neutral
906,180,old_kingdom,writing_literature;discovery_archaeology;architecture;mummies_afterlife,student,balanced,highlights,wheelchair,neutral
907,120,tutankhamun;old_kingdom;late_greco_roman,daily_life;animals,couple,balanced,balanced,full,avoid
908,180,late_greco_roman,architecture;royalty,solo,balanced,balanced,full,neutral
909,180,old_kingdom,art_statues;daily_life;gold_jewelry,couple,balanced,highlights,full,neutral
910,120,prehistoric_early;tutankhamun,writing_literature;religion_gods;mummies_afterlife;discovery_archaeology;royalty,group,fast,highlights,full,avoid
911,120,prehistoric_early;new_kingdom,architecture;religion_gods;daily_life,student,relaxed,balanced,full,neutral
912,300,new_kingdom,architecture;mummies_afterlife;war_weapons;daily_life,group,relaxed,highlights,avoid_stairs,neutral
913,240,,war_weapons;architecture;writing_literature,student,fast,highlights,full,neutral
914,180,,art_statues;religion_gods;daily_life,couple,balanced,highlights,full,avoid
915,90,new_kingdom,religion_gods;war_weapons,family_kids,relaxed,deep,full,neutral
916,180,prehistoric_early;new_kingdom,animals;mummies_afterlife;discovery_archaeology;war_weapons,solo,balanced,balanced,full,neutral
917,60,new_kingdom;late_greco_roman,art_statues,family_kids,fast,highlights,full,neutral
918,120,,architecture;religion_gods;writing_literature;art_statues;royalty,student,fast,balanced,full,neutral
919,60,late_greco_roman;new_kingdom;middle_kingdom,religion_gods;animals;gold_jewelry,family_kids,balanced,balanced,full,neutral
920,180,late_greco_roman;tutankhamun,ships_transport;war_weapons;mummies_afterlife,solo,fast,highlights,full,neutral
921,90,tutankhamun;late_greco_roman;old_kingdom,ships_transport;writing_literature;gold_jewelry,family_kids,fast,balanced,full,neutral
922,90,old_kingdom;new_kingdom,architecture;discovery_archaeology,solo,balanced,balanced,full,avoid
923,120,,royalty;daily_life;gold_jewelry;ships_transport,group,relaxed,highlights,full,neutral
924,240,late_greco_roman;old_kingdom,mummies_afterlife;ships_transport;war_weapons,family_kids,fast,highlights,full,avoid
925,120,new_kingdom;middle_kingdom,mummies_afterlife,couple,relaxed,highlights,full,avoid
926,120,prehistoric_early,mummies_afterlife;ships_transport,family_kids,relaxed,highlights,full,avoid
927,240,late_greco_roman,architecture;war_weapons;animals,student,relaxed,balanced,full,neutral
928,120,middle_kingdom,daily_life;architecture,group,fast,highlights,full,neutral
929,90,new_kingdom;prehistoric_early,mummies_afterlife;discovery_archaeology;architecture,group,balanced,highlights,full,avoid
930,120,old_kingdom,royalty;mummies_afterlife;architecture;writing_literature,solo,relaxed,deep,full,neutral
931,180,late_greco_roman,war_weapons;mummies_afterlife;gold_jewelry,couple,balanced,highlights,full,avoid
932,60,tutankhamun;new_kingdom;middle_kingdom,daily_life;royalty,student,relaxed,highlights,full,neutral
933,180,tutankhamun,animals;gold_jewelry;writing_literature;discovery_archaeology;royalty,group,balanced,deep,full,neutral
934,90,new_kingdom;tutankhamun,gold_jewelry;art_statues,group,relaxed,balanced,full,neutral
935,120,old_kingdom,royalty;war_weapons;mummies_afterlife,group,balanced,balanced,full,avoid
936,240,prehistoric_early;late_greco_roman,royalty;discovery_archaeology,couple,relaxed,deep,full,avoid
937,240,new_kingdom;late_greco_roman,ships_transport;gold_jewelry;religion_gods;architecture,solo,relaxed,highlights,avoid_stairs,neutral
938,90,tutankhamun,daily_life;royalty;war_weapons,family_kids,fast,balanced,full,neutral
939,60,middle_kingdom;new_kingdom;old_kingdom,royalty;architecture;religion_gods;mummies_afterlife;war_weapons,group,balanced,highlights,full,neutral
940,240,tutankhamun,daily_life;royalty;writing_literature,couple,relaxed,highlights,full,avoid
941,180,new_kingdom;prehistoric_early,art_statues;architecture;writing_literature;royalty;mummies_afterlife,student,balanced,balanced,full,avoid
942,240,late_greco_roman,art_statues;royalty;mummies_afterlife;daily_life,solo,relaxed,deep,full,avoid
943,240,new_kingdom,gold_jewelry;daily_life,couple,relaxed,deep,full,avoid
944,120,late_greco_roman;old_kingdom,religion_gods;art_statues;daily_life,student,balanced,deep,avoid_stairs,neutral
945,60,old_kingdom;new_kingdom,ships_transport;war_weapons;mummies_afterlife,solo,relaxed,balanced,full,neutral
946,120,,mummies_afterlife;royalty;religion_gods;writing_literature;daily_life,solo,relaxed,highlights,full,neutral
947,300,late_greco_roman,discovery_archaeology;animals,couple,balanced,highlights,wheelchair,neutral
948,90,old_kingdom;middle_kingdom,mummies_afterlife,group,relaxed,deep,full,neutral
949,240,,war_weapons,solo,relaxed,highlights,full,avoid
950,90,late_greco_roman;prehistoric_early,royalty;gold_jewelry,group,balanced,deep,full,neutral
951,180,prehistoric_early,ships_transport;war_weapons;architecture;discovery_archaeology,family_kids,relaxed,deep,full,neutral
952,120,new_kingdom,royalty;architecture;animals;ships_transport,solo,relaxed,highlights,full,avoid
953,300,middle_kingdom,daily_life;art_statues,couple,relaxed,deep,full,neutral
954,120,prehistoric_early,royalty;art_statues;daily_life;gold_jewelry,couple,relaxed,balanced,full,neutral
955,120,,art_statues;daily_life,solo,balanced,balanced,full,neutral
956,180,,animals;war_weapons;architecture;ships_transport;daily_life,family_kids,balanced,balanced,full,neutral
957,120,,religion_gods;mummies_afterlife;art_statues,solo,fast,deep,avoid_stairs,avoid
958,60,,discovery_archaeology;mummies_afterlife;religion_gods;gold_jewelry,solo,fast,balanced,full,avoid
959,300,middle_kingdom;old_kingdom,mummies_afterlife;royalty,couple,balanced,balanced,full,avoid
960,120,prehistoric_early;late_greco_roman;old_kingdom,architecture;art_statues,solo,balanced,highlights,full,avoid
961,120,late_greco_roman;prehistoric_early,daily_life;war_weapons,solo,balanced,deep,full,neutral
962,240,middle_kingdom,daily_life;art_statues,solo,balanced,balanced,full,neutral
963,300,tutankhamun,animals;art_statues,family_kids,balanced,balanced,full,neutral
964,120,new_kingdom,architecture;royalty;war_weapons;animals;religion_gods,family_kids,balanced,balanced,full,neutral
965,60,late_greco_roman,royalty;architecture;daily_life;animals;art_statues,couple,balanced,highlights,full,avoid
966,90,middle_kingdom;tutankhamun;prehistoric_early,royalty;art_statues,solo,relaxed,highlights,full,avoid
967,120,middle_kingdom,writing_literature;royalty;religion_gods,student,balanced,highlights,full,avoid
968,90,late_greco_roman;middle_kingdom;old_kingdom,royalty;architecture;art_statues,group,fast,highlights,full,avoid
969,120,late_greco_roman;prehistoric_early;old_kingdom,royalty;art_statues;daily_life,couple,relaxed,deep,full,neutral
970,240,new_kingdom;tutankhamun;late_greco_roman,gold_jewelry;art_statues;war_weapons;discovery_archaeology,solo,relaxed,deep,avoid_stairs,neutral
971,90,late_greco_roman,discovery_archaeology;animals;religion_gods;gold_jewelry;ships_transport,couple,balanced,highlights,full,neutral
972,60,new_kingdom;middle_kingdom;old_kingdom,animals;architecture;writing_literature,student,fast,balanced,avoid_stairs,neutral
973,120,prehistoric_early,mummies_afterlife;religion_gods;art_statues,group,balanced,deep,full,neutral
974,60,tutankhamun,discovery_archaeology;daily_life;architecture;royalty,group,balanced,highlights,full,avoid
975,120,prehistoric_early;new_kingdom,daily_life,couple,relaxed,balanced,full,neutral
976,60,middle_kingdom,religion_gods;art_statues;animals,group,balanced,highlights,full,neutral
977,120,new_kingdom;late_greco_roman;tutankhamun,war_weapons;mummies_afterlife,family_kids,balanced,highlights,full,neutral
978,180,,gold_jewelry;ships_transport,group,balanced,highlights,full,neutral
979,240,middle_kingdom,architecture;religion_gods;war_weapons;writing_literature,student,relaxed,balanced,full,neutral
980,60,late_greco_roman,war_weapons;gold_jewelry;religion_gods;daily_life;royalty,couple,relaxed,balanced,avoid_stairs,neutral
981,180,middle_kingdom,gold_jewelry;royalty;animals;architecture;daily_life,couple,balanced,highlights,full,neutral
982,120,old_kingdom;new_kingdom,gold_jewelry;war_weapons;royalty,couple,fast,highlights,full,neutral
983,240,middle_kingdom;prehistoric_early,architecture;writing_literature;religion_gods;animals;daily_life,student,balanced,highlights,full,neutral
984,120,new_kingdom;middle_kingdom,discovery_archaeology;art_statues;architecture;religion_gods;war_weapons,solo,fast,highlights,full,avoid
985,120,,discovery_archaeology;ships_transport;architecture,solo,relaxed,balanced,full,avoid
986,180,tutankhamun,war_weapons;mummies_afterlife;royalty;daily_life,solo,relaxed,balanced,full,avoid
987,180,middle_kingdom,mummies_afterlife;ships_transport;gold_jewelry,solo,balanced,highlights,full,avoid
988,120,new_kingdom,architecture;discovery_archaeology;war_weapons;mummies_afterlife;religion_gods,student,relaxed,highlights,avoid_stairs,avoid
989,180,middle_kingdom;tutankhamun,royalty;religion_gods;war_weapons;architecture,family_kids,fast,highlights,full,neutral
990,300,tutankhamun,mummies_afterlife;art_statues,couple,balanced,highlights,wheelchair,avoid
991,120,,mummies_afterlife;discovery_archaeology;ships_transport;daily_life;writing_literature,couple,fast,balanced,avoid_stairs,avoid
992,240,new_kingdom,architecture;gold_jewelry;daily_life,group,balanced,deep,full,neutral
993,240,tutankhamun;new_kingdom,mummies_afterlife;architecture,group,balanced,balanced,full,neutral
994,90,late_greco_roman,art_statues;ships_transport;mummies_afterlife;animals;writing_literature,solo,balanced,deep,full,neutral
995,180,middle_kingdom;prehistoric_early;old_kingdom,ships_transport;religion_gods;animals,family_kids,balanced,balanced,avoid_stairs,neutral
996,240,old_kingdom;late_greco_roman,architecture;royalty;writing_literature;daily_life;religion_gods,student,relaxed,balanced,avoid_stairs,neutral
997,180,new_kingdom,religion_gods;gold_jewelry,student,balanced,balanced,full,avoid
998,120,tutankhamun;new_kingdom;late_greco_roman,ships_transport;gold_jewelry;animals;architecture,family_kids,balanced,highlights,avoid_stairs,neutral
999,90,new_kingdom;tutankhamun;late_greco_roman,war_weapons;architecture;religion_gods;royalty;gold_jewelry,group,balanced,balanced,full,avoid
1000,300,prehistoric_early,ships_transport;writing_literature,family_kids,relaxed,deep,full,avoid
1001,90,prehistoric_early;late_greco_roman,discovery_archaeology;gold_jewelry;war_weapons,family_kids,fast,balanced,full,neutral
1002,180,tutankhamun,royalty;ships_transport;writing_literature,student,balanced,balanced,wheelchair,avoid
1003,90,late_greco_roman;middle_kingdom,discovery_archaeology;royalty;gold_jewelry,couple,relaxed,balanced,full,avoid
1004,60,,animals;ships_transport,family_kids,relaxed,deep,full,avoid
1005,180,middle_kingdom;prehistoric_early,art_statues;writing_literature;ships_transport,couple,balanced,highlights,full,avoid
1006,60,tutankhamun;middle_kingdom,ships_transport,group,relaxed,highlights,full,neutral
1007,120,late_greco_roman;new_kingdom,royalty;war_weapons;writing_literature,family_kids,relaxed,deep,avoid_stairs,neutral
1008,120,,religion_gods;war_weapons;royalty,family_kids,relaxed,balanced,full,neutral
1009,240,tutankhamun;late_greco_roman;new_kingdom,mummies_afterlife;war_weapons;architecture;art_statues,solo,relaxed,highlights,full,avoid
1010,120,late_greco_roman,royalty;mummies_afterlife;religion_gods,family_kids,relaxed,deep,full,neutral
1011,180,middle_kingdom,art_statues,solo,relaxed,highlights,full,neutral
1012,180,middle_kingdom,gold_jewelry;royalty;architecture;religion_gods;animals,couple,balanced,deep,avoid_stairs,neutral
1013,60,new_kingdom,mummies_afterlife;gold_jewelry;ships_transport;discovery_archaeology,group,relaxed,highlights,full,neutral
1014,180,middle_kingdom,mummies_afterlife;architecture;writing_literature,solo,balanced,deep,full,avoid
1015,120,late_greco_roman,gold_jewelry,couple,fast,highlights,full,avoid
1016,180,middle_kingdom,war_weapons;royalty;gold_jewelry,family_kids,balanced,highlights,full,avoid
1017,60,middle_kingdom,writing_literature;discovery_archaeology,student,balanced,balanced,full,neutral
1018,120,tutankhamun;new_kingdom,gold_jewelry;ships_transport,solo,balanced,deep,full,neutral
1019,180,old_kingdom,discovery_archaeology;religion_gods,student,balanced,deep,full,avoid
1020,120,late_greco_roman;middle_kingdom,gold_jewelry;animals;religion_gods,family_kids,balanced,deep,full,neutral
1021,120,prehistoric_early;middle_kingdom;late_greco_roman,religion_gods;writing_literature,student,balanced,balanced,wheelchair,avoid
1022,240,tutankhamun;old_kingdom,religion_gods;gold_jewelry;architecture,group,balanced,balanced,full,neutral
1023,90,middle_kingdom,war_weapons;writing_literature,family_kids,balanced,balanced,full,neutral
1024,240,old_kingdom;new_kingdom;late_greco_roman,mummies_afterlife;writing_literature;ships_transport;daily_life,student,balanced,balanced,full,avoid
1025,300,,royalty;architecture,group,balanced,balanced,full,neutral
1026,120,middle_kingdom,gold_jewelry;mummies_afterlife;religion_gods,family_kids,balanced,highlights,full,neutral
1027,180,new_kingdom;late_greco_roman;prehistoric_early,war_weapons;architecture;religion_gods;writing_literature;ships_transport,student,relaxed,deep,full,avoid
1028,90,middle_kingdom;old_kingdom;late_greco_roman,animals;daily_life;writing_literature;ships_transport;war_weapons,family_kids,fast,balanced,wheelchair,avoid
1029,240,old_kingdom,gold_jewelry;mummies_afterlife;writing_literature,couple,balanced,balanced,full,avoid
1030,180,middle_kingdom,royalty;writing_literature,group,balanced,balanced,full,neutral
1031,120,tutankhamun,animals;war_weapons,couple,balanced,balanced,full,neutral
1032,120,prehistoric_early;late_greco_roman;middle_kingdom,daily_life;art_statues,couple,relaxed,highlights,wheelchair,neutral
1033,180,middle_kingdom,architecture;religion_gods;royalty;war_weapons;ships_transport,group,relaxed,balanced,full,neutral
1034,180,,daily_life;art_statues;discovery_archaeology;animals,couple,balanced,balanced,full,avoid
1035,120,late_greco_roman;new_kingdom;old_kingdom,architecture;religion_gods,student,relaxed,balanced,full,avoid
1036,90,late_greco_roman,gold_jewelry,student,relaxed,balanced,full,avoid
1037,90,old_kingdom,art_statues;ships_transport,solo,balanced,balanced,full,neutral
1038,180,,gold_jewelry;art_statues,family_kids,balanced,highlights,full,neutral
1039,120,prehistoric_early;middle_kingdom,royalty;writing_literature;war_weapons,solo,relaxed,balanced,full,avoid
1040,240,old_kingdom;tutankhamun,animals;art_statues;architecture,solo,balanced,deep,full,avoid
1041,120,new_kingdom;tutankhamun,royalty;gold_jewelry;architecture,group,relaxed,balanced,full,neutral
1042,180,tutankhamun;old_kingdom;prehistoric_early,ships_transport;war_weapons,family_kids,balanced,balanced,full,avoid
1043,180,prehistoric_early,gold_jewelry;daily_life,couple,balanced,balanced,full,neutral
1044,120,old_kingdom,discovery_archaeology;ships_transport;writing_literature;gold_jewelry;architecture,family_kids,relaxed,highlights,full,neutral
1045,90,tutankhamun;middle_kingdom;prehistoric_early,religion_gods;mummies_afterlife;ships_transport,student,balanced,highlights,avoid_stairs,avoid
1046,240,late_greco_roman;tutankhamun,daily_life,solo,relaxed,highlights,avoid_stairs,avoid
1047,120,late_greco_roman,mummies_afterlife;writing_literature;war_weapons;ships_transport,solo,balanced,highlights,full,avoid
1048,120,late_greco_roman,mummies_afterlife;ships_transport;architecture,family_kids,relaxed,balanced,avoid_stairs,neutral
1049,180,new_kingdom;middle_kingdom,architecture;ships_transport;writing_literature;discovery_archaeology,student,relaxed,balanced,full,neutral
1050,60,new_kingdom,daily_life;mummies_afterlife;art_statues;ships_transport;architecture,couple,relaxed,balanced,full,neutral
1051,180,,art_statues;discovery_archaeology;ships_transport,solo,relaxed,balanced,full,neutral
1052,120,new_kingdom;middle_kingdom,discovery_archaeology;animals;gold_jewelry,family_kids,balanced,balanced,full,neutral
1053,180,prehistoric_early,animals;daily_life,student,relaxed,balanced,full,neutral
1054,90,middle_kingdom,mummies_afterlife;daily_life;art_statues;royalty;gold_jewelry,couple,relaxed,balanced,full,neutral
1055,120,prehistoric_early,animals;war_weapons;gold_jewelry,family_kids,relaxed,balanced,full,neutral
1056,120,,royalty;daily_life,couple,balanced,highlights,wheelchair,avoid
1057,120,tutankhamun,art_statues;ships_transport;writing_literature;war_weapons;religion_gods,student,relaxed,highlights,wheelchair,avoid
1058,180,prehistoric_early,gold_jewelry;ships_transport,solo,balanced,balanced,full,neutral
1059,60,late_greco_roman,animals;art_statues,couple,balanced,balanced,full,avoid
1060,90,prehistoric_early;middle_kingdom,writing_literature;war_weapons;architecture;art_statues;animals,solo,balanced,deep,full,neutral
1061,120,new_kingdom;prehistoric_early,daily_life;mummies_afterlife;royalty,couple,relaxed,highlights,full,avoid
1062,90,,daily_life,student,relaxed,deep,full,avoid
1063,120,late_greco_roman;middle_kingdom,gold_jewelry;art_statues;architecture,group,balanced,balanced,full,avoid
1064,180,tutankhamun,discovery_archaeology;animals,family_kids,fast,balanced,avoid_stairs,neutral
1065,90,new_kingdom;middle_kingdom;old_kingdom,religion_gods;animals;discovery_archaeology;writing_literature,solo,fast,highlights,full,neutral
1066,90,old_kingdom;prehistoric_early;middle_kingdom,animals;gold_jewelry;ships_transport;architecture;discovery_archaeology,family_kids,fast,balanced,full,neutral
1067,120,prehistoric_early;late_greco_roman,royalty;war_weapons;daily_life;ships_transport;gold_jewelry,solo,balanced,highlights,full,neutral
1068,180,new_kingdom,mummies_afterlife;animals;art_statues;architecture,family_kids,fast,highlights,full,neutral
1069,180,middle_kingdom;late_greco_roman,royalty,group,fast,balanced,full,neutral
1070,60,prehistoric_early;late_greco_roman,mummies_afterlife;writing_literature;ships_transport,family_kids,fast,balanced,wheelchair,avoid
1071,120,new_kingdom;tutankhamun;old_kingdom,architecture;war_weapons;mummies_afterlife;royalty,solo,relaxed,balanced,full,avoid
1072,180,prehistoric_early;old_kingdom,writing_literature;animals,solo,balanced,balanced,full,neutral
1073,90,,war_weapons;royalty,solo,relaxed,balanced,full,avoid
1074,180,prehistoric_early;late_greco_roman,war_weapons,couple,fast,balanced,avoid_stairs,neutral
1075,60,old_kingdom;tutankhamun,war_weapons;architecture;art_statues;animals,family_kids,balanced,balanced,full,neutral
1076,120,late_greco_roman;old_kingdom;tutankhamun,art_statues;royalty;animals,couple,balanced,deep,full,neutral
1077,90,late_greco_roman;new_kingdom;prehistoric_early,art_statues;daily_life;royalty,couple,balanced,balanced,full,avoid
1078,180,tutankhamun;old_kingdom,war_weapons;animals,family_kids,balanced,highlights,wheelchair,avoid
1079,60,old_kingdom,gold_jewelry;religion_gods;discovery_archaeology;art_statues,solo,fast,balanced,avoid_stairs,neutral
1080,180,,mummies_afterlife;daily_life;religion_gods;royalty,couple,balanced,balanced,full,avoid
1081,120,prehistoric_early;tutankhamun,architecture;war_weapons;ships_transport,group,balanced,highlights,full,neutral
1082,120,new_kingdom;old_kingdom;prehistoric_early,art_statues;gold_jewelry;animals;royalty;discovery_archaeology,group,relaxed,deep,wheelchair,neutral
1083,90,,war_weapons,family_kids,balanced,balanced,avoid_stairs,neutral
1084,180,late_greco_roman,war_weapons;architecture;animals,solo,relaxed,balanced,full,avoid
1085,120,late_greco_roman,daily_life;architecture;gold_jewelry;mummies_afterlife,solo,fast,balanced,full,avoid
1086,180,late_greco_roman;prehistoric_early,royalty;religion_gods;gold_jewelry;ships_transport,couple,balanced,deep,avoid_stairs,neutral
1087,90,,gold_jewelry;discovery_archaeology;ships_transport;royalty,couple,fast,balanced,full,avoid
1088,180,prehistoric_early;tutankhamun,mummies_afterlife;gold_jewelry;architecture;royalty;daily_life,group,relaxed,deep,full,neutral
1089,180,new_kingdom,writing_literature;gold_jewelry;discovery_archaeology;religion_gods,family_kids,balanced,balanced,full,avoid
1090,180,old_kingdom;middle_kingdom,art_statues;royalty;architecture;daily_life;gold_jewelry,group,balanced,highlights,full,neutral
1091,240,prehistoric_early;old_kingdom,royalty;animals;daily_life,couple,balanced,balanced,full,neutral
1092,60,late_greco_roman,mummies_afterlife,couple,relaxed,deep,avoid_stairs,avoid
1093,120,prehistoric_early;old_kingdom,gold_jewelry;writing_literature;mummies_afterlife;war_weapons;animals,couple,relaxed,highlights,avoid_stairs,neutral
1094,90,late_greco_roman,gold_jewelry,group,relaxed,highlights,full,neutral
1095,60,late_greco_roman;prehistoric_early;new_kingdom,architecture;discovery_archaeology,student,fast,balanced,full,neutral
1096,120,middle_kingdom;new_kingdom,royalty;art_statues;gold_jewelry;architecture;daily_life,couple,relaxed,balanced,avoid_stairs,avoid
1097,90,middle_kingdom,architecture;religion_gods,student,balanced,balanced,full,avoid
1098,180,late_greco_roman;new_kingdom,royalty;mummies_afterlife,group,relaxed,deep,full,avoid
1099,60,middle_kingdom,ships_transport;mummies_afterlife;war_weapons;writing_literature,family_kids,balanced,highlights,full,neutral
1100,240,late_greco_roman,art_statues;ships_transport,couple,relaxed,balanced,full,avoid
1101,240,new_kingdom,mummies_afterlife;architecture;daily_life,group,relaxed,highlights,full,neutral
1102,240,middle_kingdom,writing_literature;ships_transport;religion_gods;discovery_archaeology;daily_life,student,balanced,highlights,avoid_stairs,avoid
1103,180,,royalty;war_weapons;discovery_archaeology,solo,relaxed,balanced,full,neutral
1104,180,late_greco_roman,gold_jewelry;discovery_archaeology;war_weapons,solo,fast,balanced,full,neutral
1105,120,new_kingdom,war_weapons;gold_jewelry;architecture;royalty,group,relaxed,highlights,full,neutral
1106,180,tutankhamun,mummies_afterlife,solo,fast,highlights,full,neutral
1107,300,,gold_jewelry;royalty;animals,group,balanced,highlights,full,neutral
1108,240,middle_kingdom,writing_literature;royalty;animals,student,fast,highlights,avoid_stairs,neutral
1109,90,new_kingdom;tutankhamun,royalty;ships_transport;mummies_afterlife,solo,balanced,balanced,wheelchair,avoid
1110,90,middle_kingdom,animals;religion_gods;discovery_archaeology,student,balanced,balanced,wheelchair,avoid
1111,240,middle_kingdom;prehistoric_early;tutankhamun,royalty,couple,balanced,highlights,full,neutral
1112,240,late_greco_roman;new_kingdom;old_kingdom,animals,family_kids,balanced,balanced,full,avoid
1113,120,old_kingdom;middle_kingdom,royalty,couple,fast,highlights,full,neutral
1114,120,late_greco_roman,religion_gods;discovery_archaeology;royalty;ships_transport;architecture,student,balanced,balanced,wheelchair,avoid
1115,180,late_greco_roman,ships_transport;discovery_archaeology;daily_life;religion_gods,solo,relaxed,balanced,full,neutral
1116,180,new_kingdom,animals;mummies_afterlife,family_kids,relaxed,highlights,full,neutral
1117,180,tutankhamun;prehistoric_early,art_statues;gold_jewelry;writing_literature,family_kids,relaxed,balanced,full,neutral
1118,120,new_kingdom;middle_kingdom,ships_transport;war_weapons,solo,balanced,balanced,full,neutral
1119,300,old_kingdom;prehistoric_early,animals;ships_transport,couple,relaxed,balanced,avoid_stairs,neutral
1120,120,middle_kingdom,architecture;daily_life;gold_jewelry;art_statues;discovery_archaeology,solo,balanced,deep,avoid_stairs,avoid
1121,120,tutankhamun,war_weapons;discovery_archaeology;art_statues,group,relaxed,balanced,full,neutral
1122,300,tutankhamun;old_kingdom,animals;gold_jewelry;mummies_afterlife,group,balanced,highlights,full,avoid
1123,240,new_kingdom;tutankhamun,mummies_afterlife;gold_jewelry;royalty,group,relaxed,deep,full,neutral
1124,90,new_kingdom,architecture;royalty;art_statues,solo,relaxed,deep,wheelchair,neutral
1125,180,tutankhamun,religion_gods;gold_jewelry;ships_transport,family_kids,relaxed,balanced,full,neutral
1126,240,prehistoric_early;middle_kingdom;late_greco_roman,war_weapons;daily_life;gold_jewelry;discovery_archaeology,solo,relaxed,balanced,full,neutral
1127,240,,royalty;ships_transport;writing_literature;art_statues,couple,balanced,highlights,full,avoid
1128,180,prehistoric_early,war_weapons;daily_life;religion_gods;architecture,solo,fast,balanced,full,neutral
1129,120,middle_kingdom,writing_literature;ships_transport;animals,solo,relaxed,balanced,avoid_stairs,avoid
1130,120,late_greco_roman,ships_transport;war_weapons,family_kids,relaxed,highlights,wheelchair,avoid
1131,180,old_kingdom,war_weapons;discovery_archaeology,solo,balanced,deep,full,avoid
1132,120,prehistoric_early,architecture,group,relaxed,highlights,full,neutral
1133,300,,mummies_afterlife;discovery_archaeology;art_statues,student,fast,highlights,full,neutral
1134,120,old_kingdom;prehistoric_early,architecture;mummies_afterlife;discovery_archaeology;art_statues;royalty,solo,relaxed,balanced,full,neutral
1135,180,tutankhamun;middle_kingdom;old_kingdom,mummies_afterlife;writing_literature,group,balanced,balanced,full,neutral
1136,90,tutankhamun,architecture;discovery_archaeology,solo,balanced,highlights,full,neutral
1137,180,,art_statues,solo,balanced,balanced,full,neutral
1138,240,new_kingdom;late_greco_roman;middle_kingdom,discovery_archaeology;religion_gods;gold_jewelry;mummies_afterlife;royalty,solo,relaxed,deep,full,neutral
1139,240,late_greco_roman;middle_kingdom;old_kingdom,war_weapons;architecture,group,fast,deep,full,neutral
1140,60,tutankhamun;new_kingdom,mummies_afterlife;architecture;discovery_archaeology,student,balanced,highlights,full,avoid
1141,90,,war_weapons;writing_literature;religion_gods,couple,balanced,balanced,full,neutral
1142,120,prehistoric_early;middle_kingdom,royalty;religion_gods;gold_jewelry;war_weapons;art_statues,couple,relaxed,deep,full,avoid
1143,120,middle_kingdom,mummies_afterlife;architecture,student,balanced,highlights,wheelchair,avoid
1144,240,late_greco_roman;prehistoric_early,architecture,group,balanced,balanced,full,neutral
1145,120,late_greco_roman;tutankhamun,art_statues;gold_jewelry,couple,balanced,balanced,full,neutral
1146,120,middle_kingdom,royalty;art_statues,solo,balanced,highlights,full,neutral
1147,90,,writing_literature;art_statues,couple,relaxed,highlights,full,neutral
1148,300,late_greco_roman,art_statues;daily_life;war_weapons;royalty;religion_gods,couple,relaxed,balanced,full,neutral
1149,300,late_greco_roman;tutankhamun,daily_life;art_statues,couple,balanced,balanced,avoid_stairs,avoid
1150,90,prehistoric_early;new_kingdom,ships_transport;gold_jewelry;writing_literature,group,fast,balanced,full,neutral
1151,120,tutankhamun;middle_kingdom,architecture;war_weapons;royalty;religion_gods;writing_literature,family_kids,balanced,deep,full,neutral
1152,300,,ships_transport;mummies_afterlife;animals;war_weapons,family_kids,relaxed,deep,full,avoid
1153,120,prehistoric_early;late_greco_roman;middle_kingdom,architecture;mummies_afterlife;writing_literature,couple,balanced,balanced,full,avoid
1154,180,middle_kingdom,religion_gods;war_weapons;discovery_archaeology,solo,balanced,balanced,full,neutral
1155,180,old_kingdom;prehistoric_early,art_statues;war_weapons,solo,fast,highlights,full,avoid
1156,180,new_kingdom;middle_kingdom,discovery_archaeology,couple,fast,highlights,full,neutral
1157,90,prehistoric_early,royalty;writing_literature;religion_gods,couple,balanced,highlights,avoid_stairs,avoid
1158,90,new_kingdom,ships_transport;gold_jewelry,solo,fast,balanced,full,avoid
1159,240,new_kingdom,discovery_archaeology;gold_jewelry;daily_life,group,balanced,balanced,full,avoid
1160,120,middle_kingdom,art_statues,couple,relaxed,highlights,full,avoid
1161,240,new_kingdom;middle_kingdom,gold_jewelry;royalty,couple,relaxed,highlights,full,neutral
1162,60,new_kingdom;tutankhamun;prehistoric_early,ships_transport;royalty;architecture;mummies_afterlife;animals,family_kids,relaxed,balanced,full,avoid
1163,120,late_greco_roman;middle_kingdom,mummies_afterlife;art_statues;architecture;royalty,group,balanced,highlights,full,avoid
1164,90,tutankhamun;late_greco_roman;old_kingdom,war_weapons;religion_gods;gold_jewelry;architecture;royalty,group,balanced,highlights,full,neutral
1165,180,tutankhamun;prehistoric_early;late_greco_roman,architecture;writing_literature,solo,balanced,highlights,full,neutral
1166,60,old_kingdom;middle_kingdom,ships_transport;gold_jewelry;war_weapons;writing_literature,solo,relaxed,highlights,full,neutral
1167,120,new_kingdom;prehistoric_early;tutankhamun,religion_gods;war_weapons;ships_transport,family_kids,relaxed,balanced,full,neutral
1168,180,tutankhamun,daily_life;mummies_afterlife;art_statues,couple,fast,balanced,full,avoid
1169,90,,writing_literature;art_statues,student,fast,balanced,full,neutral
1170,120,middle_kingdom;tutankhamun;new_kingdom,writing_literature;discovery_archaeology,student,relaxed,highlights,full,avoid
1171,120,,animals;war_weapons;architecture,group,balanced,balanced,full,neutral
1172,120,late_greco_roman;old_kingdom,daily_life;gold_jewelry;animals;ships_transport,family_kids,relaxed,balanced,full,neutral
1173,180,prehistoric_early,architecture;gold_jewelry,group,balanced,deep,full,avoid
1174,120,new_kingdom;prehistoric_early,ships_transport;royalty;architecture,solo,balanced,balanced,full,neutral
1175,90,,mummies_afterlife;war_weapons;ships_transport;architecture;gold_jewelry,group,balanced,highlights,full,neutral
1176,240,tutankhamun,gold_jewelry;mummies_afterlife;writing_literature,group,balanced,balanced,full,neutral
1177,180,prehistoric_early;new_kingdom,animals;daily_life;ships_transport,family_kids,balanced,balanced,full,neutral
1178,240,middle_kingdom,mummies_afterlife;art_statues;writing_literature,solo,fast,balanced,full,neutral
1179,180,tutankhamun;middle_kingdom,writing_literature;art_statues;ships_transport;gold_jewelry,couple,balanced,highlights,full,avoid
1180,180,new_kingdom;prehistoric_early,royalty;gold_jewelry;war_weapons;art_statues,solo,balanced,balanced,full,neutral
1181,90,late_greco_roman,art_statues;discovery_archaeology;royalty;gold_jewelry;daily_life,couple,balanced,balanced,full,avoid
1182,240,tutankhamun,daily_life;discovery_archaeology,couple,relaxed,highlights,avoid_stairs,neutral
1183,120,prehistoric_early;old_kingdom,architecture;ships_transport;animals,family_kids,balanced,balanced,full,neutral
1184,180,,architecture;royalty,group,fast,balanced,full,avoid
1185,120,middle_kingdom;old_kingdom,architecture;art_statues,family_kids,fast,deep,full,neutral
1186,180,tutankhamun,ships_transport;religion_gods;discovery_archaeology,student,fast,balanced,full,avoid
1187,90,,royalty,solo,balanced,deep,full,neutral
1188,120,middle_kingdom;new_kingdom;prehistoric_early,architecture;war_weapons,group,relaxed,highlights,full,avoid
1189,60,tutankhamun;prehistoric_early,mummies_afterlife;art_statues,group,balanced,highlights,full,neutral
1190,180,new_kingdom,architecture;discovery_archaeology;ships_transport,group,balanced,balanced,full,neutral
1191,120,old_kingdom;middle_kingdom,gold_jewelry;animals,family_kids,balanced,deep,full,avoid
1192,240,,discovery_archaeology;daily_life;religion_gods;ships_transport,family_kids,balanced,balanced,full,neutral
1193,300,late_greco_roman;old_kingdom;new_kingdom,royalty,solo,fast,highlights,wheelchair,neutral
1194,90,late_greco_roman;tutankhamun;old_kingdom,mummies_afterlife;architecture;religion_gods;gold_jewelry,group,balanced,balanced,full,avoid
1195,120,prehistoric_early,religion_gods;writing_literature;ships_transport,solo,relaxed,balanced,full,avoid
1196,60,late_greco_roman,war_weapons;architecture;art_statues;discovery_archaeology;daily_life,family_kids,fast,deep,full,neutral
1197,120,late_greco_roman;middle_kingdom,religion_gods;writing_literature,student,balanced,highlights,full,neutral
1198,180,,discovery_archaeology;animals;religion_gods;art_statues,solo,fast,balanced,avoid_stairs,avoid
1199,90,new_kingdom,daily_life;animals;ships_transport;war_weapons,family_kids,balanced,deep,full,neutral
1200,180,prehistoric_early;middle_kingdom,gold_jewelry;writing_literature,family_kids,relaxed,deep,avoid_stairs,avoid
1201,180,new_kingdom;tutankhamun,daily_life;religion_gods;gold_jewelry,family_kids,balanced,highlights,full,avoid
1202,120,old_kingdom;prehistoric_early;new_kingdom,architecture;religion_gods;mummies_afterlife,group,relaxed,balanced,avoid_stairs,neutral
1203,180,tutankhamun;new_kingdom,writing_literature;religion_gods;mummies_afterlife;war_weapons;art_statues,solo,balanced,highlights,full,neutral
1204,120,,discovery_archaeology;war_weapons;mummies_afterlife;gold_jewelry,solo,balanced,balanced,full,avoid
1205,90,middle_kingdom,writing_literature,student,balanced,highlights,full,neutral
1206,90,prehistoric_early;old_kingdom,ships_transport;daily_life;discovery_archaeology,solo,balanced,deep,full,avoid
1207,180,late_greco_roman,animals;discovery_archaeology;writing_literature,student,balanced,highlights,avoid_stairs,neutral
1208,180,prehistoric_early,war_weapons;gold_jewelry;daily_life,couple,relaxed,highlights,full,neutral
1209,90,old_kingdom;new_kingdom,architecture;royalty;mummies_afterlife,group,balanced,highlights,full,neutral
1210,180,old_kingdom;tutankhamun;new_kingdom,animals;gold_jewelry;royalty;writing_literature,couple,balanced,balanced,wheelchair,avoid
1211,120,old_kingdom;tutankhamun,architecture;war_weapons;writing_literature,student,balanced,balanced,full,neutral
1212,180,old_kingdom,ships_transport;animals;art_statues;gold_jewelry,family_kids,fast,deep,wheelchair,neutral
1213,60,middle_kingdom;new_kingdom;prehistoric_early,war_weapons;daily_life;art_statues;gold_jewelry,couple,fast,highlights,full,avoid
1214,180,tutankhamun,religion_gods;gold_jewelry,couple,relaxed,deep,full,neutral
1215,120,late_greco_roman;middle_kingdom,animals;discovery_archaeology;gold_jewelry;ships_transport,family_kids,balanced,balanced,full,neutral
1216,240,middle_kingdom;tutankhamun;new_kingdom,architecture;religion_gods;discovery_archaeology,group,fast,balanced,full,neutral
1217,240,old_kingdom,gold_jewelry;ships_transport;architecture;war_weapons;religion_gods,solo,balanced,balanced,avoid_stairs,neutral
1218,180,new_kingdom,animals;discovery_archaeology;religion_gods,student,relaxed,balanced,wheelchair,neutral
1219,240,middle_kingdom;old_kingdom,gold_jewelry;writing_literature;mummies_afterlife;architecture,group,fast,balanced,full,neutral
1220,60,new_kingdom;middle_kingdom,ships_transport;religion_gods,group,fast,balanced,full,avoid
1221,180,prehistoric_early;old_kingdom,art_statues;gold_jewelry;daily_life;writing_literature,solo,relaxed,deep,full,neutral
1222,60,old_kingdom;late_greco_roman,ships_transport;war_weapons;royalty;gold_jewelry,group,balanced,balanced,full,neutral
1223,60,late_greco_roman;new_kingdom;middle_kingdom,animals;art_statues;gold_jewelry;daily_life;war_weapons,solo,balanced,balanced,wheelchair,neutral
1224,180,old_kingdom;new_kingdom;late_greco_roman,writing_literature,couple,fast,highlights,full,neutral
1225,240,late_greco_roman;new_kingdom,religion_gods;discovery_archaeology;mummies_afterlife,student,fast,highlights,full,neutral
1226,300,old_kingdom;new_kingdom;middle_kingdom,writing_literature;religion_gods;animals;architecture;ships_transport,student,relaxed,balanced,full,avoid
1227,240,,discovery_archaeology;gold_jewelry;ships_transport,family_kids,balanced,balanced,full,neutral
1228,180,prehistoric_early,ships_transport;discovery_archaeology;daily_life,solo,relaxed,balanced,full,neutral
1229,120,old_kingdom,religion_gods;gold_jewelry,couple,balanced,balanced,full,avoid
1230,240,late_greco_roman,architecture;war_weapons;art_statues,solo,balanced,balanced,full,neutral
1231,60,tutankhamun,ships_transport;royalty,couple,relaxed,balanced,full,neutral
1232,120,new_kingdom,writing_literature;daily_life;war_weapons,solo,balanced,deep,full,neutral
1233,180,,religion_gods;art_statues,solo,relaxed,balanced,full,neutral
1234,180,late_greco_roman,daily_life;royalty;war_weapons,family_kids,balanced,highlights,full,avoid
1235,60,tutankhamun;new_kingdom,religion_gods;ships_transport;animals,couple,balanced,balanced,full,neutral
1236,300,late_greco_roman;old_kingdom,gold_jewelry;war_weapons;art_statues,family_kids,balanced,balanced,full,neutral
1237,120,prehistoric_early,discovery_archaeology;art_statues;mummies_afterlife,solo,balanced,deep,full,avoid
1238,120,new_kingdom,royalty,group,fast,deep,wheelchair,neutral
1239,90,late_greco_roman,discovery_archaeology;mummies_afterlife,student,relaxed,deep,full,neutral
1240,180,,war_weapons;writing_literature;mummies_afterlife;animals,family_kids,fast,highlights,full,avoid
1241,120,middle_kingdom;tutankhamun,gold_jewelry;daily_life;ships_transport,couple,balanced,balanced,full,avoid
1242,120,prehistoric_early,gold_jewelry;ships_transport;daily_life;art_statues;writing_literature,couple,relaxed,deep,full,avoid
1243,120,old_kingdom,daily_life;art_statues;gold_jewelry;animals,couple,relaxed,highlights,full,avoid
1244,120,late_greco_roman;old_kingdom;tutankhamun,art_statues;gold_jewelry,couple,balanced,balanced,full,avoid
1245,120,prehistoric_early,ships_transport;art_statues;discovery_archaeology;royalty;war_weapons,solo,fast,highlights,avoid_stairs,neutral
1246,300,late_greco_roman,art_statues;royalty;architecture;gold_jewelry;daily_life,couple,balanced,balanced,full,avoid
1247,90,,royalty;animals;war_weapons,couple,balanced,balanced,full,avoid
1248,60,old_kingdom;prehistoric_early;middle_kingdom,discovery_archaeology;royalty;ships_transport,solo,relaxed,highlights,full,neutral
1249,120,old_kingdom,art_statues;royalty;mummies_afterlife,group,balanced,highlights,full,neutral
1250,240,,daily_life;royalty;art_statues,group,fast,deep,full,neutral
1251,60,new_kingdom,art_statues;daily_life;royalty;gold_jewelry;writing_literature,couple,fast,balanced,full,neutral
1252,180,middle_kingdom;late_greco_roman;prehistoric_early,architecture;writing_literature;religion_gods,student,balanced,highlights,full,avoid
1253,180,middle_kingdom;old_kingdom,architecture;religion_gods;art_statues;mummies_afterlife,family_kids,relaxed,balanced,full,neutral
1254,180,tutankhamun;new_kingdom,royalty;animals,couple,balanced,balanced,full,neutral
1255,180,late_greco_roman;middle_kingdom,architecture;religion_gods;writing_literature,student,balanced,highlights,full,avoid
1256,60,tutankhamun;prehistoric_early,war_weapons;art_statues,couple,relaxed,balanced,avoid_stairs,neutral
1257,90,late_greco_roman;middle_kingdom,discovery_archaeology;war_weapons;gold_jewelry;animals,couple,balanced,highlights,full,avoid
1258,240,late_greco_roman,mummies_afterlife;architecture;religion_gods,solo,relaxed,balanced,full,neutral
1259,180,late_greco_roman,architecture;religion_gods;mummies_afterlife;gold_jewelry,group,balanced,deep,full,neutral
1260,240,late_greco_roman;middle_kingdom,writing_literature;art_statues;architecture,solo,balanced,deep,wheelchair,avoid
1261,120,middle_kingdom;old_kingdom;new_kingdom,royalty;architecture;war_weapons;ships_transport,solo,relaxed,balanced,full,neutral
1262,300,late_greco_roman;old_kingdom;prehistoric_early,ships_transport;religion_gods;discovery_archaeology,student,relaxed,highlights,full,neutral
1263,90,old_kingdom;prehistoric_early,religion_gods;gold_jewelry;animals,couple,balanced,balanced,full,neutral
1264,240,new_kingdom,discovery_archaeology;animals;religion_gods,solo,balanced,balanced,full,neutral
1265,120,new_kingdom;middle_kingdom,art_statues,couple,relaxed,balanced,full,neutral
1266,240,prehistoric_early,writing_literature;discovery_archaeology,student,balanced,highlights,full,avoid
1267,60,tutankhamun;middle_kingdom,royalty;animals;writing_literature;art_statues,solo,balanced,balanced,full,neutral
1268,180,,royalty;art_statues;religion_gods;animals;mummies_afterlife,family_kids,relaxed,deep,full,neutral
1269,180,late_greco_roman;prehistoric_early,animals;ships_transport;architecture;art_statues;daily_life,couple,balanced,highlights,full,avoid
1270,120,new_kingdom,war_weapons;ships_transport;discovery_archaeology;gold_jewelry;architecture,family_kids,fast,highlights,full,neutral
1271,240,,art_statues;royalty;gold_jewelry,couple,balanced,highlights,full,neutral
1272,90,prehistoric_early;late_greco_roman,war_weapons;gold_jewelry,solo,fast,highlights,wheelchair,avoid
1273,120,old_kingdom,gold_jewelry;religion_gods;writing_literature,couple,relaxed,highlights,full,avoid
1274,120,new_kingdom,religion_gods;architecture;royalty,group,relaxed,balanced,full,avoid
1275,60,middle_kingdom;late_greco_roman,religion_gods;writing_literature;art_statues,student,balanced,balanced,wheelchair,neutral
1276,240,middle_kingdom,royalty;animals;gold_jewelry;mummies_afterlife,couple,relaxed,balanced,full,neutral
1277,240,late_greco_roman;new_kingdom,mummies_afterlife;gold_jewelry;animals;ships_transport;daily_life,group,balanced,balanced,full,avoid
1278,240,late_greco_roman;tutankhamun,animals;gold_jewelry;war_weapons,family_kids,balanced,deep,wheelchair,neutral
1279,60,late_greco_roman;old_kingdom;new_kingdom,gold_jewelry;architecture,solo,fast,balanced,full,avoid
1280,120,late_greco_roman,ships_transport;daily_life;architecture,solo,balanced,balanced,full,neutral
1281,120,late_greco_roman;old_kingdom,daily_life;religion_gods,solo,relaxed,highlights,full,avoid
1282,300,middle_kingdom,art_statues;ships_transport,couple,balanced,deep,full,avoid
1283,240,old_kingdom;tutankhamun,royalty;war_weapons;ships_transport,couple,relaxed,balanced,full,neutral
1284,90,late_greco_roman;old_kingdom,mummies_afterlife,student,relaxed,balanced,full,avoid
1285,120,new_kingdom;tutankhamun;prehistoric_early,writing_literature;royalty;war_weapons;gold_jewelry,solo,relaxed,balanced,full,avoid
1286,120,prehistoric_early;middle_kingdom;tutankhamun,royalty;animals;writing_literature;discovery_archaeology,couple,balanced,highlights,full,avoid
1287,240,,architecture;gold_jewelry;animals,family_kids,fast,highlights,full,neutral
1288,180,prehistoric_early;old_kingdom,animals;war_weapons,family_kids,balanced,highlights,full,avoid
1289,240,prehistoric_early;new_kingdom,discovery_archaeology;writing_literature,solo,balanced,balanced,full,neutral
1290,120,tutankhamun;prehistoric_early,royalty,group,balanced,highlights,full,avoid
1291,180,prehistoric_early,ships_transport,student,fast,highlights,full,avoid
1292,90,new_kingdom,architecture;ships_transport;war_weapons;mummies_afterlife,group,balanced,balanced,full,neutral
1293,120,late_greco_roman,gold_jewelry,group,relaxed,deep,full,neutral
1294,180,old_kingdom;tutankhamun,discovery_archaeology;art_statues;gold_jewelry,student,relaxed,balanced,full,neutral
1295,90,middle_kingdom;tutankhamun,architecture;gold_jewelry,couple,balanced,balanced,full,neutral
1296,300,prehistoric_early,art_statues;gold_jewelry,solo,relaxed,deep,full,avoid
1297,120,middle_kingdom;tutankhamun,architecture;mummies_afterlife,group,balanced,balanced,full,neutral
1298,120,middle_kingdom;old_kingdom;tutankhamun,royalty;war_weapons,family_kids,relaxed,deep,full,avoid
1299,120,prehistoric_early,royalty;daily_life;writing_literature,couple,balanced,highlights,full,neutral
1300,180,middle_kingdom;new_kingdom;prehistoric_early,art_statues;architecture,group,balanced,highlights,full,neutral
1301,180,old_kingdom;middle_kingdom,royalty;daily_life;art_statues,couple,balanced,highlights,full,avoid
1302,180,prehistoric_early;late_greco_roman,art_statues;gold_jewelry;daily_life;animals;architecture,solo,relaxed,balanced,full,avoid
1303,60,new_kingdom,discovery_archaeology;religion_gods;war_weapons,student,relaxed,balanced,full,neutral
1304,120,late_greco_roman;tutankhamun;new_kingdom,mummies_afterlife;ships_transport;discovery_archaeology,group,balanced,balanced,full,neutral
1305,120,middle_kingdom;new_kingdom;old_kingdom,architecture;mummies_afterlife;royalty,group,relaxed,highlights,wheelchair,neutral
1306,240,tutankhamun;old_kingdom,gold_jewelry;religion_gods,solo,relaxed,balanced,full,avoid
1307,90,tutankhamun;prehistoric_early,animals;discovery_archaeology;gold_jewelry,family_kids,fast,balanced,full,neutral
1308,300,prehistoric_early;middle_kingdom;tutankhamun,war_weapons;writing_literature,solo,fast,deep,full,neutral
1309,90,prehistoric_early;middle_kingdom,architecture;discovery_archaeology,solo,relaxed,balanced,full,neutral
1310,180,,architecture;ships_transport,couple,balanced,balanced,full,avoid
1311,60,,mummies_afterlife;war_weapons;ships_transport;discovery_archaeology;writing_literature,family_kids,balanced,balanced,full,neutral
1312,180,,architecture;animals;gold_jewelry,group,balanced,balanced,full,avoid
1313,180,new_kingdom,art_statues;discovery_archaeology;daily_life,solo,balanced,highlights,full,neutral
1314,120,prehistoric_early,daily_life;gold_jewelry;animals,couple,fast,balanced,full,avoid
1315,90,middle_kingdom;prehistoric_early,writing_literature,student,balanced,deep,full,avoid
1316,90,,art_statues;architecture;writing_literature,couple,fast,balanced,full,neutral
1317,90,prehistoric_early,gold_jewelry;mummies_afterlife;art_statues;religion_gods;daily_life,group,fast,deep,full,neutral
1318,60,late_greco_roman,ships_transport;daily_life;art_statues;mummies_afterlife;writing_literature,solo,fast,balanced,full,avoid
1319,120,new_kingdom;old_kingdom;prehistoric_early,architecture,group,relaxed,balanced,full,avoid
1320,180,prehistoric_early;old_kingdom;late_greco_roman,royalty;architecture,group,balanced,balanced,full,neutral
1321,90,new_kingdom;late_greco_roman,daily_life;royalty;animals;writing_literature,couple,balanced,highlights,full,neutral
1322,180,prehistoric_early;late_greco_roman,mummies_afterlife,solo,relaxed,highlights,full,avoid
1323,90,tutankhamun;old_kingdom;new_kingdom,writing_literature;war_weapons;gold_jewelry;religion_gods,group,balanced,highlights,full,neutral
1324,240,,gold_jewelry;writing_literature,group,fast,balanced,full,avoid
1325,180,tutankhamun,royalty,couple,balanced,balanced,full,neutral
1326,120,,mummies_afterlife;animals;ships_transport,solo,relaxed,balanced,full,avoid
1327,60,tutankhamun;new_kingdom;old_kingdom,mummies_afterlife;gold_jewelry;ships_transport;royalty,couple,relaxed,deep,full,neutral
1328,180,prehistoric_early;middle_kingdom,art_statues;religion_gods;daily_life;mummies_afterlife;discovery_archaeology,couple,relaxed,balanced,full,avoid
1329,180,middle_kingdom;late_greco_roman;old_kingdom,animals;art_statues,couple,relaxed,balanced,full,neutral
1330,240,new_kingdom,war_weapons,solo,relaxed,deep,full,neutral
1331,120,tutankhamun,gold_jewelry;royalty;daily_life;discovery_archaeology,couple,balanced,highlights,avoid_stairs,avoid
1332,90,prehistoric_early,daily_life;gold_jewelry;discovery_archaeology;war_weapons,solo,relaxed,balanced,full,neutral
1333,90,new_kingdom;late_greco_roman;middle_kingdom,art_statues;religion_gods;ships_transport;architecture,group,relaxed,balanced,avoid_stairs,neutral
1334,120,late_greco_roman,animals;mummies_afterlife;architecture;royalty,group,fast,balanced,full,neutral
1335,120,old_kingdom,writing_literature;royalty,group,fast,balanced,full,neutral
1336,240,prehistoric_early,art_statues;discovery_archaeology;gold_jewelry;royalty;ships_transport,solo,balanced,deep,full,avoid
1337,180,late_greco_roman,art_statues;gold_jewelry,couple,balanced,highlights,full,avoid
1338,180,tutankhamun,discovery_archaeology;animals;architecture;royalty,solo,balanced,highlights,full,neutral
1339,240,middle_kingdom;prehistoric_early,gold_jewelry;religion_gods;royalty;animals;mummies_afterlife,group,balanced,balanced,full,avoid
1340,120,old_kingdom,writing_literature;war_weapons;animals,solo,relaxed,highlights,full,neutral
1341,60,middle_kingdom;late_greco_roman,gold_jewelry;ships_transport;royalty,group,balanced,highlights,full,neutral
1342,90,tutankhamun;late_greco_roman;middle_kingdom,architecture,couple,relaxed,balanced,full,neutral
1343,60,,mummies_afterlife;art_statues,solo,fast,highlights,full,neutral
1344,60,,gold_jewelry;art_statues;writing_literature,couple,relaxed,balanced,full,neutral
1345,300,,gold_jewelry;art_statues,couple,balanced,deep,full,neutral
1346,90,late_greco_roman;prehistoric_early,gold_jewelry;discovery_archaeology;royalty,solo,balanced,balanced,full,neutral
1347,180,tutankhamun,animals,solo,balanced,balanced,full,neutral
1348,120,tutankhamun;late_greco_roman,royalty;architecture,student,balanced,highlights,full,avoid
1349,90,middle_kingdom,daily_life;animals;gold_jewelry;war_weapons;art_statues,family_kids,relaxed,highlights,full,avoid
1350,120,old_kingdom,mummies_afterlife;writing_literature;discovery_archaeology,group,fast,balanced,full,neutral
1351,90,tutankhamun,art_statues;mummies_afterlife;ships_transport;writing_literature,group,balanced,deep,full,neutral
1352,120,prehistoric_early;middle_kingdom;tutankhamun,animals;writing_literature,solo,balanced,highlights,full,neutral
1353,90,prehistoric_early;late_greco_roman,ships_transport;writing_literature;religion_gods;animals,solo,balanced,highlights,full,avoid
1354,60,old_kingdom;middle_kingdom,gold_jewelry;war_weapons,family_kids,relaxed,balanced,avoid_stairs,avoid
1355,180,,religion_gods;ships_transport;art_statues;writing_literature,student,balanced,balanced,full,avoid
1356,120,new_kingdom;old_kingdom,art_statues,family_kids,balanced,balanced,full,neutral
1357,300,,gold_jewelry;ships_transport;daily_life,couple,fast,deep,full,neutral
1358,240,middle_kingdom,animals;writing_literature;gold_jewelry;war_weapons,family_kids,balanced,balanced,avoid_stairs,avoid
1359,180,,animals;ships_transport,family_kids,relaxed,deep,full,neutral
1360,120,prehistoric_early;middle_kingdom,royalty;discovery_archaeology;daily_life,solo,balanced,highlights,full,neutral
1361,180,prehistoric_early,art_statues;writing_literature;discovery_archaeology,student,relaxed,highlights,full,avoid
1362,120,,gold_jewelry;royalty;animals,group,relaxed,balanced,full,avoid
1363,60,prehistoric_early,discovery_archaeology;religion_gods;mummies_afterlife;gold_jewelry;royalty,couple,balanced,balanced,full,avoid
1364,180,,architecture,group,balanced,balanced,full,avoid
1365,240,prehistoric_early,gold_jewelry,student,fast,deep,full,neutral
1366,180,middle_kingdom,architecture;mummies_afterlife;gold_jewelry;war_weapons,solo,relaxed,deep,avoid_stairs,neutral
1367,90,prehistoric_early,gold_jewelry;animals;discovery_archaeology,family_kids,relaxed,balanced,full,avoid
1368,300,prehistoric_early;late_greco_roman,art_statues;animals,family_kids,relaxed,deep,wheelchair,neutral
1369,180,middle_kingdom,art_statues;war_weapons,family_kids,fast,balanced,wheelchair,avoid
1370,60,late_greco_roman,architecture;ships_transport;royalty;writing_literature,solo,balanced,balanced,wheelchair,neutral
1371,180,old_kingdom;late_greco_roman;prehistoric_early,gold_jewelry;mummies_afterlife;daily_life,solo,balanced,balanced,full,neutral
1372,240,middle_kingdom,gold_jewelry;ships_transport,family_kids,balanced,balanced,full,neutral
1373,240,new_kingdom,religion_gods;animals;daily_life,couple,balanced,highlights,full,neutral
1374,180,new_kingdom;old_kingdom,architecture;ships_transport,couple,fast,highlights,full,avoid
1375,180,new_kingdom;late_greco_roman;old_kingdom,art_statues;royalty;daily_life,couple,balanced,deep,full,avoid
1376,180,prehistoric_early,royalty;religion_gods,solo,relaxed,highlights,full,neutral
1377,120,prehistoric_early;old_kingdom,religion_gods;ships_transport;architecture;art_statues;gold_jewelry,solo,fast,highlights,full,neutral
1378,90,late_greco_roman,religion_gods;daily_life;discovery_archaeology,group,relaxed,balanced,full,neutral
1379,120,,royalty;religion_gods;daily_life,couple,relaxed,deep,full,neutral
1380,90,middle_kingdom;prehistoric_early,royalty;mummies_afterlife;art_statues,group,balanced,highlights,full,avoid
1381,180,,daily_life;writing_literature;discovery_archaeology;art_statues,couple,balanced,deep,wheelchair,neutral
1382,240,prehistoric_early;tutankhamun;middle_kingdom,architecture;art_statues;discovery_archaeology;writing_literature;animals,couple,relaxed,deep,avoid_stairs,neutral
1383,180,,ships_transport;animals;war_weapons;gold_jewelry,family_kids,balanced,balanced,full,avoid
1384,60,new_kingdom;late_greco_roman,mummies_afterlife;discovery_archaeology;art_statues,solo,relaxed,balanced,full,avoid
1385,120,old_kingdom,religion_gods;ships_transport;royalty,group,balanced,deep,full,avoid
1386,240,old_kingdom,royalty;gold_jewelry;mummies_afterlife,group,relaxed,balanced,full,neutral
1387,60,,gold_jewelry;ships_transport;mummies_afterlife;art_statues,solo,relaxed,balanced,full,neutral
1388,60,old_kingdom;middle_kingdom,war_weapons;mummies_afterlife,solo,relaxed,balanced,avoid_stairs,avoid
1389,240,old_kingdom,religion_gods;ships_transport;war_weapons,solo,relaxed,balanced,full,avoid
1390,90,late_greco_roman,gold_jewelry;animals;ships_transport;war_weapons,family_kids,fast,balanced,full,avoid
1391,180,middle_kingdom,art_statues;writing_literature;ships_transport;war_weapons,solo,balanced,highlights,full,avoid
1392,180,middle_kingdom;tutankhamun,ships_transport;royalty;architecture;art_statues,couple,relaxed,highlights,full,neutral
1393,240,tutankhamun,gold_jewelry;daily_life;animals,couple,relaxed,deep,full,neutral
1394,180,middle_kingdom,animals;gold_jewelry;writing_literature;discovery_archaeology,family_kids,fast,balanced,full,neutral
1395,120,middle_kingdom;tutankhamun,discovery_archaeology;daily_life;mummies_afterlife;war_weapons;writing_literature,solo,fast,deep,full,neutral
1396,120,prehistoric_early,daily_life;animals;gold_jewelry;mummies_afterlife;ships_transport,family_kids,balanced,highlights,wheelchair,neutral
1397,300,prehistoric_early;old_kingdom;new_kingdom,discovery_archaeology;art_statues;daily_life;ships_transport,couple,balanced,balanced,full,neutral
1398,90,new_kingdom;old_kingdom,ships_transport;gold_jewelry;daily_life,family_kids,balanced,deep,full,neutral
1399,180,tutankhamun,animals;mummies_afterlife;architecture,solo,balanced,deep,full,neutral
1400,120,new_kingdom;old_kingdom,ships_transport;animals;war_weapons,family_kids,relaxed,highlights,full,avoid
1401,120,new_kingdom;late_greco_roman;middle_kingdom,art_statues;discovery_archaeology;gold_jewelry,group,balanced,highlights,full,avoid
1402,120,middle_kingdom;old_kingdom,architecture;royalty,family_kids,fast,highlights,full,neutral
1403,120,tutankhamun,ships_transport;religion_gods,solo,fast,highlights,full,avoid
1404,60,,discovery_archaeology;ships_transport;architecture;religion_gods;writing_literature,student,balanced,highlights,full,neutral
1405,180,middle_kingdom,ships_transport;gold_jewelry;royalty,solo,fast,highlights,wheelchair,neutral
1406,180,tutankhamun,ships_transport;war_weapons;architecture,solo,relaxed,balanced,full,neutral
1407,120,old_kingdom;new_kingdom,religion_gods;war_weapons;royalty,solo,balanced,highlights,full,neutral
1408,180,old_kingdom;new_kingdom,religion_gods;royalty;mummies_afterlife;war_weapons;writing_literature,solo,relaxed,deep,full,avoid
1409,120,late_greco_roman,architecture;daily_life;war_weapons;art_statues,solo,relaxed,highlights,full,neutral
1410,60,middle_kingdom,ships_transport;daily_life;architecture;mummies_afterlife;discovery_archaeology,family_kids,fast,deep,full,neutral
1411,120,new_kingdom,art_statues;ships_transport;daily_life,couple,relaxed,highlights,full,neutral
1412,60,tutankhamun,gold_jewelry;architecture;mummies_afterlife;writing_literature,group,fast,balanced,full,neutral
1413,120,late_greco_roman;prehistoric_early;new_kingdom,gold_jewelry;ships_transport;mummies_afterlife,group,fast,highlights,avoid_stairs,neutral
1414,180,new_kingdom;prehistoric_early;tutankhamun,war_weapons;ships_transport,family_kids,relaxed,balanced,full,avoid
1415,240,old_kingdom,royalty;writing_literature;daily_life,solo,balanced,highlights,full,neutral
1416,60,old_kingdom,religion_gods;gold_jewelry;daily_life,couple,balanced,highlights,full,neutral
1417,60,middle_kingdom;tutankhamun,royalty;writing_literature;daily_life;mummies_afterlife,solo,relaxed,deep,full,avoid
1418,180,tutankhamun;new_kingdom;late_greco_roman,war_weapons;gold_jewelry;animals,family_kids,relaxed,highlights,full,neutral
1419,300,old_kingdom;new_kingdom;middle_kingdom,daily_life;art_statues;ships_transport;war_weapons,family_kids,relaxed,highlights,full,neutral
1420,90,,mummies_afterlife;gold_jewelry;discovery_archaeology,solo,relaxed,deep,full,neutral
1421,180,tutankhamun;late_greco_roman,religion_gods;art_statues,couple,balanced,highlights,avoid_stairs,avoid
1422,90,,ships_transport;discovery_archaeology,group,relaxed,highlights,full,avoid
1423,90,late_greco_roman,animals;writing_literature;mummies_afterlife;architecture;ships_transport,student,balanced,balanced,full,avoid
1424,180,old_kingdom,animals;gold_jewelry,family_kids,relaxed,highlights,full,neutral
1425,300,middle_kingdom;prehistoric_early,architecture;writing_literature;animals,group,relaxed,balanced,full,neutral
1426,120,middle_kingdom;late_greco_roman,architecture;royalty,group,relaxed,balanced,full,neutral
1427,240,prehistoric_early;late_greco_roman,religion_gods;gold_jewelry;royalty,couple,relaxed,highlights,full,neutral
1428,90,tutankhamun,discovery_archaeology;royalty,couple,relaxed,balanced,full,neutral
1429,180,prehistoric_early;tutankhamun;late_greco_roman,royalty,solo,fast,balanced,full,neutral
1430,120,old_kingdom,animals;gold_jewelry;mummies_afterlife,group,relaxed,deep,full,avoid
1431,120,old_kingdom,religion_gods;discovery_archaeology;ships_transport;mummies_afterlife;architecture,group,balanced,deep,full,neutral
1432,180,,royalty;discovery_archaeology;mummies_afterlife;architecture,group,relaxed,highlights,full,neutral
1433,300,,religion_gods;art_statues;discovery_archaeology,student,balanced,balanced,full,neutral
1434,240,,animals;daily_life,solo,relaxed,balanced,full,neutral
1435,180,middle_kingdom;new_kingdom,mummies_afterlife;architecture,solo,balanced,balanced,full,neutral
1436,180,middle_kingdom;late_greco_roman,discovery_archaeology;animals,student,fast,balanced,full,neutral
1437,120,middle_kingdom,ships_transport;gold_jewelry;royalty;daily_life;art_statues,couple,balanced,balanced,full,avoid
1438,180,middle_kingdom,writing_literature;art_statues,couple,relaxed,deep,full,avoid
1439,180,new_kingdom,royalty,solo,balanced,highlights,full,neutral
1440,300,old_kingdom,architecture,solo,fast,balanced,full,avoid
1441,180,late_greco_roman,royalty;art_statues,solo,relaxed,deep,full,neutral
1442,180,middle_kingdom;old_kingdom,ships_transport;art_statues;discovery_archaeology,solo,relaxed,balanced,full,neutral
1443,60,new_kingdom;prehistoric_early,art_statues;royalty,group,fast,deep,full,neutral
1444,120,,war_weapons;royalty;gold_jewelry;mummies_afterlife,couple,balanced,balanced,avoid_stairs,avoid
1445,240,tutankhamun,gold_jewelry;royalty;religion_gods;mummies_afterlife,group,relaxed,balanced,full,neutral
1446,180,middle_kingdom,gold_jewelry;ships_transport;daily_life;royalty;war_weapons,solo,balanced,balanced,full,neutral
1447,240,tutankhamun,architecture;gold_jewelry;mummies_afterlife;ships_transport;art_statues,couple,relaxed,highlights,full,avoid
1448,60,old_kingdom;late_greco_roman,war_weapons;architecture;art_statues;religion_gods,group,balanced,highlights,full,neutral
1449,180,new_kingdom,royalty,group,balanced,balanced,full,neutral
1450,180,old_kingdom;new_kingdom,architecture;art_statues;discovery_archaeology;religion_gods;royalty,group,fast,highlights,full,neutral
1451,300,prehistoric_early;new_kingdom,war_weapons;architecture,solo,balanced,highlights,full,neutral
1452,180,late_greco_roman,gold_jewelry;art_statues,solo,balanced,deep,full,neutral
1453,120,late_greco_roman,religion_gods;daily_life,solo,balanced,deep,full,neutral
1454,120,middle_kingdom;tutankhamun;old_kingdom,gold_jewelry;royalty;mummies_afterlife;art_statues,couple,balanced,balanced,full,avoid
1455,120,prehistoric_early,ships_transport;religion_gods;writing_literature,solo,balanced,balanced,full,avoid
1456,120,tutankhamun,writing_literature;animals;gold_jewelry;daily_life;ships_transport,family_kids,balanced,balanced,full,neutral
1457,60,tutankhamun,daily_life;ships_transport;architecture;animals,family_kids,fast,deep,full,neutral
1458,120,prehistoric_early;tutankhamun,architecture,group,fast,balanced,full,neutral
1459,240,middle_kingdom,war_weapons;gold_jewelry;ships_transport;daily_life,family_kids,balanced,balanced,full,avoid
1460,120,,gold_jewelry;writing_literature;mummies_afterlife,solo,balanced,highlights,full,neutral
1461,120,,ships_transport;mummies_afterlife;war_weapons,solo,relaxed,highlights,wheelchair,avoid
1462,60,old_kingdom,writing_literature;mummies_afterlife;royalty;religion_gods;gold_jewelry,solo,relaxed,deep,full,avoid
1463,120,middle_kingdom,mummies_afterlife;royalty,solo,balanced,balanced,full,avoid
1464,60,old_kingdom,architecture,couple,balanced,deep,full,avoid
1465,180,prehistoric_early,mummies_afterlife;daily_life;discovery_archaeology;royalty,couple,balanced,deep,full,avoid
1466,180,new_kingdom,daily_life;art_statues;animals;gold_jewelry;writing_literature,couple,balanced,deep,full,avoid
1467,180,prehistoric_early;middle_kingdom;late_greco_roman,royalty;daily_life;gold_jewelry,couple,balanced,highlights,full,neutral
1468,240,,ships_transport;royalty;discovery_archaeology,student,balanced,balanced,full,neutral
1469,180,new_kingdom,daily_life;war_weapons;gold_jewelry,solo,balanced,highlights,full,avoid
1470,300,new_kingdom;prehistoric_early;middle_kingdom,daily_life;religion_gods;royalty,solo,fast,highlights,full,avoid
1471,60,old_kingdom;tutankhamun;new_kingdom,animals;daily_life;architecture;royalty;discovery_archaeology,solo,relaxed,highlights,full,avoid
1472,90,old_kingdom;middle_kingdom;new_kingdom,war_weapons;discovery_archaeology;ships_transport;art_statues;gold_jewelry,family_kids,balanced,highlights,full,avoid
1473,180,,writing_literature;animals;architecture,student,relaxed,balanced,full,neutral
1474,180,,religion_gods;war_weapons;architecture;art_statues,couple,balanced,highlights,avoid_stairs,neutral
1475,180,middle_kingdom,architecture;war_weapons;royalty;ships_transport;animals,family_kids,relaxed,deep,full,avoid
1476,60,tutankhamun,gold_jewelry;mummies_afterlife;ships_transport,group,relaxed,highlights,full,avoid
1477,300,middle_kingdom,daily_life;architecture;war_weapons,solo,relaxed,balanced,full,neutral
1478,180,late_greco_roman;prehistoric_early,war_weapons;writing_literature,student,relaxed,deep,full,neutral
1479,180,late_greco_roman;new_kingdom,architecture;animals;gold_jewelry;art_statues,solo,balanced,highlights,full,neutral
1480,60,prehistoric_early;middle_kingdom;new_kingdom,mummies_afterlife;gold_jewelry;architecture;discovery_archaeology,group,balanced,highlights,full,neutral
1481,180,tutankhamun;new_kingdom;prehistoric_early,writing_literature;architecture,solo,balanced,highlights,full,neutral
1482,180,new_kingdom;tutankhamun,war_weapons;discovery_archaeology;mummies_afterlife;writing_literature,student,relaxed,highlights,full,avoid
1483,180,new_kingdom;prehistoric_early,mummies_afterlife;war_weapons,solo,fast,deep,avoid_stairs,avoid
1484,90,late_greco_roman;new_kingdom,gold_jewelry;religion_gods;art_statues,solo,balanced,deep,full,avoid
1485,90,tutankhamun,gold_jewelry;discovery_archaeology;writing_literature,solo,fast,deep,full,avoid
1486,90,late_greco_roman;prehistoric_early;old_kingdom,daily_life;architecture;royalty;animals;gold_jewelry,solo,fast,balanced,full,neutral
1487,180,new_kingdom,royalty;animals;gold_jewelry,family_kids,balanced,deep,full,neutral
1488,240,old_kingdom;tutankhamun,religion_gods;mummies_afterlife;art_statues;royalty,solo,balanced,balanced,full,avoid
1489,90,new_kingdom,gold_jewelry;ships_transport,group,relaxed,highlights,full,avoid
1490,90,tutankhamun;old_kingdom;prehistoric_early,royalty;art_statues;daily_life,couple,relaxed,balanced,full,neutral
1491,180,late_greco_roman,ships_transport;architecture;art_statues,student,balanced,deep,full,neutral
1492,240,tutankhamun;middle_kingdom,gold_jewelry;architecture,group,relaxed,balanced,full,neutral
1493,180,middle_kingdom;late_greco_roman;new_kingdom,writing_literature;animals;architecture;mummies_afterlife,solo,fast,deep,avoid_stairs,neutral
1494,120,middle_kingdom,architecture;daily_life;mummies_afterlife,group,balanced,balanced,full,neutral
1495,180,,animals;religion_gods;gold_jewelry;royalty,group,balanced,balanced,full,neutral
1496,120,,religion_gods;war_weapons,solo,balanced,deep,full,avoid
1497,180,prehistoric_early,royalty;animals;gold_jewelry;ships_transport;daily_life,family_kids,relaxed,balanced,full,neutral
1498,90,prehistoric_early,gold_jewelry;ships_transport,group,relaxed,deep,full,avoid
1499,120,middle_kingdom,religion_gods,solo,balanced,highlights,full,neutral
1500,120,prehistoric_early;old_kingdom,royalty;animals;daily_life,family_kids,relaxed,highlights,full,neutral
1501,180,late_greco_roman;old_kingdom,gold_jewelry;religion_gods;royalty,student,fast,balanced,full,avoid
1502,180,late_greco_roman,writing_literature;religion_gods;discovery_archaeology;mummies_afterlife;royalty,student,balanced,balanced,full,neutral
1503,60,,royalty;religion_gods;mummies_afterlife;animals;art_statues,solo,balanced,highlights,full,avoid
1504,60,middle_kingdom;tutankhamun;old_kingdom,architecture;mummies_afterlife;animals;royalty,solo,relaxed,highlights,full,neutral
1505,60,new_kingdom,royalty;art_statues;daily_life,couple,balanced,highlights,full,avoid
1506,300,prehistoric_early;tutankhamun,architecture;writing_literature;religion_gods,group,relaxed,highlights,full,avoid
1507,120,prehistoric_early;new_kingdom,gold_jewelry;war_weapons;writing_literature;religion_gods,family_kids,balanced,highlights,full,neutral
1508,180,tutankhamun;prehistoric_early,gold_jewelry;animals;mummies_afterlife,family_kids,relaxed,balanced,full,avoid
1509,90,middle_kingdom,ships_transport;animals,solo,balanced,highlights,full,avoid
1510,120,tutankhamun;old_kingdom,royalty;ships_transport,couple,balanced,balanced,full,neutral
1511,180,old_kingdom,animals;mummies_afterlife;religion_gods,solo,balanced,balanced,full,neutral
1512,180,old_kingdom;tutankhamun;new_kingdom,war_weapons;religion_gods;ships_transport,solo,fast,highlights,full,avoid
1513,180,new_kingdom,mummies_afterlife;royalty;gold_jewelry,group,balanced,balanced,full,avoid
1514,180,,architecture;royalty;war_weapons,group,relaxed,balanced,full,neutral
1515,300,tutankhamun,architecture;mummies_afterlife;royalty;writing_literature,group,relaxed,highlights,wheelchair,avoid
1516,60,tutankhamun,ships_transport;royalty;architecture;art_statues,solo,balanced,balanced,full,neutral
1517,180,new_kingdom,religion_gods;daily_life,solo,relaxed,balanced,wheelchair,avoid
1518,120,late_greco_roman;old_kingdom,writing_literature;gold_jewelry;discovery_archaeology;religion_gods,student,balanced,deep,full,avoid
1519,180,old_kingdom,ships_transport;daily_life;gold_jewelry;religion_gods,family_kids,relaxed,highlights,full,neutral
1520,180,old_kingdom,mummies_afterlife;architecture;ships_transport;war_weapons;daily_life,solo,balanced,balanced,full,neutral
1521,90,prehistoric_early;new_kingdom,gold_jewelry,solo,fast,deep,avoid_stairs,neutral
1522,90,middle_kingdom,art_statues;mummies_afterlife;gold_jewelry,couple,relaxed,deep,full,neutral
1523,90,old_kingdom;tutankhamun;prehistoric_early,daily_life;war_weapons,group,fast,highlights,full,avoid
1524,180,new_kingdom;prehistoric_early,war_weapons;mummies_afterlife;art_statues;discovery_archaeology;architecture,solo,balanced,balanced,avoid_stairs,avoid
1525,300,late_greco_roman;new_kingdom,animals;ships_transport,family_kids,fast,balanced,full,avoid
1526,120,old_kingdom;new_kingdom;late_greco_roman,daily_life;art_statues;royalty,couple,balanced,balanced,full,neutral
1527,180,late_greco_roman,architecture;art_statues,family_kids,balanced,highlights,wheelchair,avoid
1528,120,prehistoric_early,art_statues,solo,balanced,highlights,full,neutral
1529,240,middle_kingdom;new_kingdom;late_greco_roman,mummies_afterlife,solo,balanced,balanced,full,neutral
1530,60,,discovery_archaeology;royalty,group,balanced,highlights,full,avoid
1531,240,middle_kingdom;new_kingdom;tutankhamun,animals;architecture;war_weapons,solo,balanced,deep,full,neutral
1532,120,new_kingdom;prehistoric_early,war_weapons;gold_jewelry,group,relaxed,highlights,full,avoid
1533,180,prehistoric_early,daily_life;gold_jewelry;ships_transport;discovery_archaeology,solo,relaxed,balanced,full,neutral
1534,180,new_kingdom;old_kingdom,art_statues;gold_jewelry,solo,balanced,balanced,full,avoid
1535,90,prehistoric_early,ships_transport;discovery_archaeology;mummies_afterlife;daily_life;animals,solo,balanced,balanced,full,avoid
1536,180,late_greco_roman;prehistoric_early,art_statues,couple,relaxed,highlights,avoid_stairs,avoid
1537,120,late_greco_roman,art_statues;daily_life;gold_jewelry;ships_transport;war_weapons,couple,relaxed,highlights,full,neutral
1538,120,tutankhamun,ships_transport;war_weapons;writing_literature;discovery_archaeology,student,balanced,balanced,avoid_stairs,neutral
1539,240,new_kingdom,royalty;ships_transport,solo,balanced,highlights,full,avoid
1540,180,new_kingdom,gold_jewelry;mummies_afterlife;royalty;writing_literature;architecture,group,relaxed,deep,full,avoid
1541,180,middle_kingdom;new_kingdom,mummies_afterlife;religion_gods;ships_transport,solo,relaxed,highlights,full,neutral
1542,90,new_kingdom,writing_literature;architecture;gold_jewelry;war_weapons;discovery_archaeology,student,balanced,highlights,full,neutral
1543,240,old_kingdom;tutankhamun,art_statues;gold_jewelry;ships_transport,family_kids,balanced,balanced,full,neutral
1544,120,late_greco_roman,gold_jewelry;discovery_archaeology;mummies_afterlife;ships_transport,solo,balanced,balanced,full,neutral
1545,120,old_kingdom,art_statues,family_kids,balanced,balanced,full,avoid
1546,120,old_kingdom,gold_jewelry;ships_transport;daily_life;royalty,group,fast,deep,full,neutral
1547,240,,gold_jewelry;art_statues,family_kids,fast,highlights,full,avoid
1548,90,late_greco_roman;tutankhamun,writing_literature;religion_gods;royalty,solo,balanced,balanced,full,neutral
1549,240,new_kingdom;tutankhamun,ships_transport;religion_gods;art_statues;animals,couple,balanced,highlights,full,avoid
1550,120,tutankhamun,art_statues;gold_jewelry;daily_life;mummies_afterlife,group,balanced,deep,full,neutral
1551,60,tutankhamun;new_kingdom,war_weapons,family_kids,balanced,balanced,full,neutral
1552,120,old_kingdom;late_greco_roman,war_weapons;mummies_afterlife;animals;daily_life;architecture,family_kids,relaxed,highlights,full,neutral
1553,300,middle_kingdom,art_statues,solo,balanced,balanced,avoid_stairs,avoid
1554,180,prehistoric_early,daily_life,couple,balanced,highlights,full,neutral
1555,60,middle_kingdom,ships_transport;religion_gods,solo,relaxed,balanced,full,avoid
1556,180,prehistoric_early,war_weapons;ships_transport,family_kids,balanced,balanced,wheelchair,avoid
1557,180,middle_kingdom;old_kingdom,art_statues;writing_literature;daily_life;mummies_afterlife;gold_jewelry,couple,relaxed,balanced,full,neutral
1558,240,prehistoric_early;new_kingdom,architecture;religion_gods;discovery_archaeology;writing_literature,student,balanced,balanced,full,neutral
1559,180,new_kingdom,writing_literature;mummies_afterlife,couple,fast,highlights,full,neutral
1560,120,prehistoric_early,mummies_afterlife;writing_literature,family_kids,fast,deep,full,neutral
1561,90,new_kingdom;late_greco_roman,art_statues,family_kids,balanced,balanced,full,neutral
1562,120,late_greco_roman,animals;writing_literature;war_weapons,group,balanced,highlights,full,avoid
1563,120,,war_weapons;discovery_archaeology;architecture,student,relaxed,deep,wheelchair,neutral
1564,90,new_kingdom;tutankhamun,gold_jewelry;mummies_afterlife;royalty;writing_literature,group,fast,balanced,full,neutral
1565,240,middle_kingdom;new_kingdom,architecture;religion_gods,couple,relaxed,highlights,full,avoid
1566,120,tutankhamun;new_kingdom,art_statues,student,balanced,balanced,full,avoid
1567,120,,daily_life;writing_literature;animals,couple,fast,highlights,full,avoid
1568,240,new_kingdom,writing_literature,solo,balanced,deep,full,neutral
1569,180,,art_statues;animals;war_weapons;gold_jewelry,solo,balanced,deep,full,avoid
1570,60,old_kingdom;late_greco_roman,discovery_archaeology;architecture;royalty,couple,fast,deep,full,neutral
1571,60,new_kingdom;late_greco_roman;prehistoric_early,art_statues;daily_life;gold_jewelry;religion_gods;architecture,couple,balanced,balanced,full,avoid
1572,120,prehistoric_early;new_kingdom;old_kingdom,mummies_afterlife;daily_life,couple,fast,balanced,full,avoid
1573,120,middle_kingdom;new_kingdom,gold_jewelry;daily_life;art_statues,family_kids,balanced,highlights,full,neutral
1574,180,new_kingdom;tutankhamun,art_statues;gold_jewelry,family_kids,balanced,highlights,full,neutral
1575,180,new_kingdom;late_greco_roman;tutankhamun,daily_life,student,balanced,deep,full,avoid
1576,60,middle_kingdom,daily_life;art_statues;war_weapons;religion_gods;royalty,couple,balanced,balanced,full,neutral
1577,120,,mummies_afterlife,couple,balanced,deep,full,avoid
1578,90,prehistoric_early,royalty;gold_jewelry;mummies_afterlife,group,relaxed,balanced,avoid_stairs,avoid
1579,300,old_kingdom;tutankhamun,daily_life;ships_transport;art_statues,group,balanced,balanced,full,neutral
1580,300,tutankhamun,writing_literature;royalty;religion_gods,couple,balanced,balanced,wheelchair,neutral
1581,120,new_kingdom,daily_life;architecture;animals,solo,relaxed,balanced,full,neutral
1582,90,late_greco_roman,discovery_archaeology;war_weapons;animals,couple,relaxed,highlights,avoid_stairs,neutral
1583,180,old_kingdom;late_greco_roman,discovery_archaeology,couple,relaxed,balanced,avoid_stairs,avoid
1584,180,,royalty;mummies_afterlife;art_statues,group,fast,balanced,full,neutral
1585,180,prehistoric_early;new_kingdom,royalty;gold_jewelry;religion_gods;art_statues,group,relaxed,highlights,full,neutral
1586,240,tutankhamun;new_kingdom;middle_kingdom,ships_transport;war_weapons,family_kids,relaxed,highlights,full,neutral
1587,180,new_kingdom,religion_gods;gold_jewelry;animals,solo,relaxed,balanced,full,avoid
1588,180,tutankhamun;prehistoric_early,gold_jewelry;architecture;war_weapons;mummies_afterlife;religion_gods,group,relaxed,highlights,wheelchair,avoid
1589,180,prehistoric_early,art_statues;royalty;daily_life;animals;writing_literature,couple,balanced,balanced,full,avoid
1590,240,old_kingdom,animals;gold_jewelry,group,relaxed,balanced,full,avoid
1591,120,,religion_gods;discovery_archaeology,student,relaxed,highlights,full,avoid
1592,120,tutankhamun,war_weapons;mummies_afterlife;ships_transport;religion_gods,family_kids,fast,highlights,full,neutral
1593,180,,gold_jewelry,solo,balanced,balanced,avoid_stairs,neutral
1594,240,prehistoric_early,ships_transport,solo,relaxed,highlights,full,avoid
1595,180,new_kingdom,gold_jewelry;writing_literature;war_weapons;architecture,solo,balanced,balanced,full,neutral
1596,120,old_kingdom,art_statues;ships_transport,family_kids,relaxed,balanced,full,neutral
1597,60,prehistoric_early;old_kingdom,architecture,student,relaxed,highlights,full,neutral
1598,240,,art_statues;daily_life;discovery_archaeology,solo,fast,balanced,full,neutral
1599,120,tutankhamun,ships_transport;art_statues;architecture;royalty;mummies_afterlife,couple,balanced,balanced,full,avoid
1600,240,late_greco_roman;new_kingdom;middle_kingdom,ships_transport;royalty,solo,balanced,highlights,full,avoid
1601,60,old_kingdom;new_kingdom;tutankhamun,discovery_archaeology;art_statues;gold_jewelry;architecture;mummies_afterlife,group,relaxed,highlights,avoid_stairs,avoid
1602,120,,war_weapons;religion_gods;daily_life;royalty;animals,family_kids,balanced,highlights,full,avoid
1603,180,tutankhamun;old_kingdom,religion_gods;writing_literature;architecture,solo,balanced,balanced,avoid_stairs,neutral
1604,300,prehistoric_early;tutankhamun,mummies_afterlife;architecture;writing_literature;art_statues,solo,balanced,highlights,wheelchair,avoid
1605,180,late_greco_roman;tutankhamun,art_statues;royalty;ships_transport,couple,balanced,balanced,full,avoid
1606,90,middle_kingdom;old_kingdom;tutankhamun,architecture,group,relaxed,deep,full,neutral
1607,60,tutankhamun;prehistoric_early,gold_jewelry;religion_gods;royalty,couple,balanced,deep,full,neutral
1608,120,tutankhamun;late_greco_roman;middle_kingdom,mummies_afterlife;art_statues,couple,relaxed,balanced,full,neutral
1609,60,middle_kingdom;old_kingdom;late_greco_roman,mummies_afterlife;architecture;gold_jewelry,student,balanced,balanced,full,neutral
1610,180,late_greco_roman,architecture;animals,solo,balanced,highlights,full,avoid
1611,240,,religion_gods;writing_literature;discovery_archaeology,student,balanced,balanced,full,avoid
1612,240,old_kingdom,religion_gods;war_weapons;art_statues;gold_jewelry;ships_transport,couple,balanced,balanced,full,avoid
1613,240,late_greco_roman;middle_kingdom,architecture,group,balanced,balanced,full,neutral
1614,180,prehistoric_early,religion_gods;gold_jewelry;architecture,student,relaxed,balanced,full,avoid
1615,240,old_kingdom,religion_gods;discovery_archaeology;royalty,student,fast,balanced,full,neutral
1616,180,late_greco_roman;old_kingdom,war_weapons,group,fast,balanced,full,avoid
1617,90,old_kingdom,ships_transport;royalty;art_statues,couple,relaxed,highlights,full,neutral
1618,120,,mummies_afterlife;gold_jewelry,couple,fast,highlights,full,neutral
1619,90,old_kingdom;prehistoric_early,art_statues;gold_jewelry;writing_literature;architecture;daily_life,couple,balanced,deep,avoid_stairs,neutral
1620,120,old_kingdom;late_greco_roman,gold_jewelry;war_weapons;mummies_afterlife;architecture;royalty,group,relaxed,balanced,full,avoid
1621,180,tutankhamun,animals;discovery_archaeology;daily_life;war_weapons,family_kids,fast,balanced,full,neutral
1622,300,tutankhamun;new_kingdom,war_weapons;religion_gods;ships_transport;gold_jewelry,solo,balanced,balanced,full,neutral
1623,240,middle_kingdom;prehistoric_early,writing_literature;discovery_archaeology;daily_life;religion_gods;architecture,solo,balanced,balanced,full,neutral
1624,300,prehistoric_early;old_kingdom,art_statues;ships_transport,couple,balanced,balanced,full,neutral
1625,180,,daily_life;ships_transport;royalty,couple,balanced,balanced,full,avoid
1626,300,new_kingdom,daily_life,solo,relaxed,balanced,avoid_stairs,avoid
1627,180,new_kingdom,war_weapons;writing_literature;religion_gods;art_statues,solo,relaxed,highlights,full,neutral
1628,90,,gold_jewelry;mummies_afterlife,couple,balanced,highlights,full,avoid
1629,120,new_kingdom;tutankhamun,daily_life,solo,balanced,balanced,full,avoid
1630,120,late_greco_roman,mummies_afterlife;gold_jewelry;discovery_archaeology,group,balanced,balanced,full,neutral
1631,90,late_greco_roman;prehistoric_early,daily_life;gold_jewelry,group,fast,highlights,full,avoid
1632,240,prehistoric_early,animals;ships_transport;war_weapons;religion_gods;architecture,family_kids,balanced,balanced,avoid_stairs,neutral
1633,120,middle_kingdom,art_statues;ships_transport;daily_life,couple,relaxed,balanced,full,neutral
1634,240,old_kingdom,religion_gods;architecture,student,fast,highlights,full,neutral
1635,180,new_kingdom;middle_kingdom,ships_transport;animals;gold_jewelry;religion_gods;art_statues,family_kids,relaxed,balanced,full,neutral
1636,300,late_greco_roman;tutankhamun,daily_life;art_statues;gold_jewelry,couple,balanced,highlights,full,avoid
1637,300,old_kingdom,gold_jewelry;animals;discovery_archaeology;architecture,family_kids,relaxed,highlights,full,avoid
1638,120,old_kingdom;new_kingdom,ships_transport;war_weapons;writing_literature,solo,relaxed,deep,full,neutral
1639,180,middle_kingdom;late_greco_roman;new_kingdom,mummies_afterlife;gold_jewelry;daily_life,group,balanced,highlights,full,neutral
1640,300,middle_kingdom;tutankhamun;new_kingdom,religion_gods;architecture,student,balanced,balanced,wheelchair,neutral
1641,180,tutankhamun;middle_kingdom,religion_gods;royalty,student,fast,balanced,full,avoid
1642,60,middle_kingdom;tutankhamun,gold_jewelry;art_statues;daily_life;writing_literature;ships_transport,solo,balanced,highlights,wheelchair,neutral
1643,90,new_kingdom;late_greco_roman,animals;war_weapons;religion_gods,group,balanced,highlights,full,neutral
1644,120,,ships_transport;war_weapons,group,balanced,balanced,wheelchair,neutral
1645,120,late_greco_roman;prehistoric_early;tutankhamun,ships_transport;writing_literature;animals;discovery_archaeology;religion_gods,family_kids,relaxed,deep,wheelchair,avoid
1646,240,new_kingdom;old_kingdom,royalty;architecture;discovery_archaeology;animals,group,relaxed,balanced,full,avoid
1647,120,late_greco_roman;new_kingdom,gold_jewelry;daily_life;religion_gods;art_statues,solo,relaxed,balanced,wheelchair,neutral
1648,120,,animals;gold_jewelry,solo,relaxed,deep,full,avoid
1649,180,old_kingdom;prehistoric_early,royalty;mummies_afterlife;religion_gods,group,relaxed,balanced,full,avoid
1650,90,prehistoric_early,daily_life,solo,fast,highlights,full,neutral
1651,90,new_kingdom,mummies_afterlife;animals,solo,balanced,highlights,full,avoid
1652,90,,mummies_afterlife;war_weapons;gold_jewelry,family_kids,balanced,highlights,full,neutral
1653,120,middle_kingdom;late_greco_roman,architecture;royalty;mummies_afterlife;ships_transport;discovery_archaeology,family_kids,relaxed,balanced,full,avoid
1654,90,middle_kingdom,mummies_afterlife;gold_jewelry;writing_literature;art_statues,couple,fast,balanced,full,neutral
1655,180,old_kingdom;late_greco_roman,daily_life;religion_gods;war_weapons;writing_literature,family_kids,relaxed,deep,full,avoid
1656,120,tutankhamun;middle_kingdom,art_statues;ships_transport,solo,balanced,deep,full,neutral
1657,120,new_kingdom;tutankhamun,discovery_archaeology;mummies_afterlife;gold_jewelry,couple,balanced,balanced,full,avoid
1658,120,middle_kingdom;tutankhamun,gold_jewelry;art_statues;ships_transport,family_kids,balanced,highlights,full,avoid
1659,120,middle_kingdom;old_kingdom,war_weapons;writing_literature;mummies_afterlife,group,relaxed,highlights,full,avoid
1660,180,new_kingdom,art_statues;mummies_afterlife,couple,relaxed,balanced,avoid_stairs,avoid
1661,120,old_kingdom,religion_gods;ships_transport;war_weapons;animals;writing_literature,solo,relaxed,deep,full,neutral
1662,120,prehistoric_early,architecture;mummies_afterlife;writing_literature,solo,fast,deep,full,avoid
1663,120,,religion_gods;gold_jewelry;ships_transport,solo,balanced,highlights,wheelchair,neutral
1664,120,late_greco_roman;new_kingdom;prehistoric_early,daily_life;architecture,student,relaxed,highlights,full,avoid
1665,240,old_kingdom,ships_transport;gold_jewelry;mummies_afterlife;religion_gods,couple,balanced,balanced,full,neutral
1666,120,prehistoric_early,mummies_afterlife;war_weapons;architecture;animals;daily_life,group,fast,deep,full,avoid
1667,120,tutankhamun;middle_kingdom;old_kingdom,ships_transport;architecture;royalty;mummies_afterlife;war_weapons,solo,balanced,balanced,full,neutral
1668,180,middle_kingdom,writing_literature;ships_transport;architecture;royalty;religion_gods,student,balanced,balanced,full,avoid
1669,240,new_kingdom;prehistoric_early,religion_gods;art_statues,couple,relaxed,balanced,full,neutral
1670,120,,royalty;religion_gods;daily_life,solo,fast,deep,full,avoid
1671,90,old_kingdom,royalty,solo,relaxed,highlights,full,avoid
1672,90,,discovery_archaeology;royalty;religion_gods;architecture;mummies_afterlife,group,balanced,highlights,full,neutral
1673,90,new_kingdom;prehistoric_early;middle_kingdom,mummies_afterlife,couple,balanced,deep,full,neutral
1674,90,prehistoric_early,animals;mummies_afterlife;gold_jewelry,family_kids,balanced,deep,full,neutral
1675,120,new_kingdom;old_kingdom,animals;architecture,group,relaxed,highlights,wheelchair,avoid
1676,120,prehistoric_early,animals;war_weapons;religion_gods,family_kids,relaxed,highlights,wheelchair,avoid
1677,90,new_kingdom;tutankhamun,daily_life;gold_jewelry,family_kids,balanced,deep,full,avoid
1678,120,old_kingdom;tutankhamun,discovery_archaeology;writing_literature;art_statues;mummies_afterlife,solo,relaxed,highlights,full,avoid
1679,120,prehistoric_early,mummies_afterlife;animals;ships_transport;religion_gods;royalty,solo,relaxed,highlights,full,avoid
1680,120,new_kingdom,ships_transport;animals;writing_literature,student,balanced,highlights,full,neutral
1681,180,,daily_life;religion_gods,student,balanced,balanced,wheelchair,avoid
1682,180,middle_kingdom;old_kingdom;late_greco_roman,royalty;architecture,group,relaxed,balanced,full,neutral
1683,240,,royalty;ships_transport,solo,balanced,balanced,full,neutral
1684,120,new_kingdom;tutankhamun,mummies_afterlife;art_statues,solo,balanced,highlights,full,neutral
1685,90,prehistoric_early;old_kingdom;tutankhamun,religion_gods;art_statues,group,balanced,balanced,full,neutral
1686,180,middle_kingdom,royalty;religion_gods;writing_literature;daily_life,solo,balanced,balanced,wheelchair,neutral
1687,240,tutankhamun;late_greco_roman,writing_literature;royalty;art_statues,solo,fast,balanced,full,avoid
1688,180,late_greco_roman,royalty;architecture;ships_transport;daily_life;art_statues,solo,relaxed,balanced,full,avoid
1689,240,late_greco_roman,gold_jewelry;discovery_archaeology;royalty,group,fast,balanced,full,neutral
1690,60,,architecture;ships_transport;war_weapons;gold_jewelry;animals,family_kids,relaxed,highlights,full,avoid
1691,240,old_kingdom,writing_literature;gold_jewelry;discovery_archaeology,couple,relaxed,highlights,wheelchair,avoid
1692,120,middle_kingdom;late_greco_roman;prehistoric_early,gold_jewelry,group,balanced,deep,full,avoid
1693,300,late_greco_roman;prehistoric_early;old_kingdom,art_statues;royalty,group,relaxed,highlights,full,avoid
1694,120,old_kingdom;tutankhamun,ships_transport;royalty,family_kids,balanced,deep,full,neutral
1695,60,,writing_literature;mummies_afterlife;gold_jewelry;royalty,solo,balanced,highlights,full,neutral
1696,240,new_kingdom;late_greco_roman,architecture;daily_life;royalty,student,relaxed,balanced,full,neutral
1697,240,new_kingdom,art_statues;royalty;architecture,couple,balanced,highlights,wheelchair,avoid
1698,120,late_greco_roman;old_kingdom;tutankhamun,gold_jewelry;royalty;architecture;art_statues;ships_transport,couple,balanced,highlights,full,avoid
1699,180,new_kingdom;tutankhamun,ships_transport;art_statues;religion_gods,solo,balanced,balanced,full,neutral
1700,120,prehistoric_early,animals;ships_transport;religion_gods;art_statues,solo,relaxed,highlights,full,neutral
1701,90,tutankhamun;new_kingdom;late_greco_roman,writing_literature;royalty;gold_jewelry;architecture,group,balanced,balanced,full,avoid
1702,120,new_kingdom,royalty;architecture,solo,balanced,balanced,full,neutral
1703,300,prehistoric_early;late_greco_roman,daily_life;ships_transport,family_kids,balanced,highlights,full,neutral
1704,300,old_kingdom,architecture;daily_life;war_weapons;gold_jewelry;art_statues,solo,relaxed,balanced,full,avoid
1705,120,late_greco_roman;prehistoric_early;new_kingdom,religion_gods;writing_literature;animals,solo,balanced,highlights,wheelchair,neutral
1706,60,old_kingdom;tutankhamun,art_statues;mummies_afterlife;daily_life;religion_gods;architecture,solo,relaxed,highlights,wheelchair,avoid
1707,180,old_kingdom;middle_kingdom;new_kingdom,daily_life;mummies_afterlife;war_weapons;religion_gods;writing_literature,couple,relaxed,balanced,full,neutral
1708,120,tutankhamun;late_greco_roman;middle_kingdom,war_weapons;mummies_afterlife;religion_gods,solo,relaxed,balanced,avoid_stairs,neutral
1709,120,new_kingdom;tutankhamun,daily_life;royalty,couple,fast,balanced,full,neutral
1710,90,new_kingdom;middle_kingdom,discovery_archaeology;royalty;gold_jewelry;animals,group,balanced,balanced,full,neutral
1711,180,tutankhamun;prehistoric_early,gold_jewelry;art_statues;religion_gods;animals,family_kids,relaxed,highlights,full,avoid
1712,60,prehistoric_early;middle_kingdom;late_greco_roman,architecture;royalty;animals,group,fast,highlights,full,neutral
1713,240,new_kingdom;tutankhamun,mummies_afterlife;animals;gold_jewelry;discovery_archaeology,family_kids,balanced,highlights,full,avoid
1714,240,new_kingdom;old_kingdom;late_greco_roman,ships_transport;gold_jewelry,solo,balanced,deep,full,avoid
1715,60,late_greco_roman,royalty;art_statues,couple,balanced,deep,full,neutral
1716,90,tutankhamun,writing_literature;gold_jewelry;war_weapons;religion_gods;animals,solo,balanced,balanced,full,avoid
1717,180,old_kingdom;late_greco_roman,animals;daily_life;discovery_archaeology;mummies_afterlife;writing_literature,solo,relaxed,balanced,avoid_stairs,neutral
1718,90,late_greco_roman,ships_transport,family_kids,relaxed,highlights,avoid_stairs,avoid
1719,120,tutankhamun;late_greco_roman,art_statues,couple,balanced,highlights,full,avoid
1720,120,tutankhamun,mummies_afterlife;animals,family_kids,balanced,balanced,full,avoid
1721,60,late_greco_roman,war_weapons;daily_life;gold_jewelry;mummies_afterlife,family_kids,relaxed,balanced,full,neutral
1722,180,old_kingdom;new_kingdom;late_greco_roman,daily_life,couple,balanced,balanced,full,avoid
1723,180,late_greco_roman;middle_kingdom,gold_jewelry,couple,relaxed,balanced,avoid_stairs,neutral
1724,240,old_kingdom;prehistoric_early;middle_kingdom,discovery_archaeology;daily_life;royalty,group,relaxed,balanced,full,avoid
1725,120,new_kingdom,royalty;architecture;war_weapons,solo,relaxed,balanced,full,avoid
1726,120,middle_kingdom,architecture;discovery_archaeology,group,balanced,balanced,full,avoid
1727,90,late_greco_roman;new_kingdom;prehistoric_early,royalty;discovery_archaeology;architecture,group,relaxed,deep,full,avoid
1728,300,prehistoric_early,mummies_afterlife;art_statues;war_weapons;religion_gods,family_kids,fast,highlights,full,neutral
1729,60,,discovery_archaeology;royalty;art_statues;writing_literature,couple,balanced,highlights,full,neutral
1730,90,late_greco_roman,ships_transport;discovery_archaeology;gold_jewelry;writing_literature,solo,balanced,deep,wheelchair,avoid
1731,180,tutankhamun;prehistoric_early;late_greco_roman,mummies_afterlife;writing_literature;animals;gold_jewelry;architecture,family_kids,relaxed,deep,full,avoid
1732,120,prehistoric_early;middle_kingdom,writing_literature;mummies_afterlife,solo,relaxed,highlights,full,avoid
1733,240,tutankhamun,art_statues;discovery_archaeology;animals;writing_literature,solo,relaxed,balanced,full,neutral
1734,120,new_kingdom,religion_gods;war_weapons,family_kids,fast,balanced,full,neutral
1735,90,middle_kingdom,royalty;mummies_afterlife,couple,relaxed,highlights,full,avoid
1736,90,new_kingdom;prehistoric_early,animals;daily_life;gold_jewelry,couple,balanced,deep,full,neutral
1737,90,late_greco_roman,architecture;royalty,group,balanced,highlights,full,neutral
1738,180,tutankhamun;old_kingdom,war_weapons;discovery_archaeology;animals;art_statues;daily_life,solo,fast,balanced,full,neutral
1739,180,old_kingdom,gold_jewelry;art_statues;writing_literature,couple,balanced,highlights,wheelchair,avoid
1740,60,,gold_jewelry;art_statues;writing_literature;daily_life,couple,balanced,balanced,full,neutral
1741,60,tutankhamun,religion_gods;mummies_afterlife;daily_life;gold_jewelry,group,relaxed,highlights,avoid_stairs,neutral
1742,120,new_kingdom;middle_kingdom,daily_life;animals;royalty,family_kids,relaxed,balanced,full,avoid
1743,60,,daily_life;royalty;mummies_afterlife,group,balanced,balanced,full,neutral
1744,180,old_kingdom;tutankhamun,gold_jewelry;royalty;discovery_archaeology;daily_life,family_kids,relaxed,balanced,avoid_stairs,avoid
1745,90,,religion_gods;discovery_archaeology;writing_literature;mummies_afterlife,student,balanced,balanced,full,neutral
1746,300,prehistoric_early;middle_kingdom,gold_jewelry;discovery_archaeology;mummies_afterlife;war_weapons,group,balanced,balanced,full,avoid
1747,60,middle_kingdom,religion_gods;daily_life;animals;ships_transport;war_weapons,solo,balanced,deep,full,avoid
1748,180,new_kingdom;middle_kingdom,architecture;art_statues;mummies_afterlife,couple,balanced,balanced,full,neutral
1749,180,old_kingdom;prehistoric_early,war_weapons;architecture;gold_jewelry,family_kids,fast,highlights,full,avoid
1750,180,late_greco_roman;tutankhamun;old_kingdom,royalty;architecture;ships_transport,family_kids,balanced,deep,full,neutral
1751,90,new_kingdom,animals,family_kids,balanced,deep,full,neutral
1752,180,middle_kingdom;late_greco_roman,architecture;animals;ships_transport,couple,balanced,deep,full,neutral
1753,120,late_greco_roman;prehistoric_early;old_kingdom,religion_gods;gold_jewelry;architecture;royalty,group,balanced,balanced,full,avoid
1754,120,prehistoric_early;late_greco_roman;tutankhamun,architecture;animals;ships_transport;mummies_afterlife,family_kids,relaxed,highlights,full,neutral
1755,240,late_greco_roman,war_weapons;writing_literature;art_statues,solo,relaxed,balanced,full,avoid
1756,120,,royalty;art_statues;war_weapons;religion_gods,solo,balanced,highlights,full,neutral
1757,120,middle_kingdom;prehistoric_early,gold_jewelry;war_weapons;royalty,couple,balanced,deep,full,neutral
1758,90,late_greco_roman;new_kingdom,art_statues;mummies_afterlife;writing_literature;animals;religion_gods,solo,balanced,deep,full,avoid
1759,180,new_kingdom;middle_kingdom,art_statues;mummies_afterlife,solo,fast,balanced,full,avoid
1760,180,,art_statues;discovery_archaeology;mummies_afterlife,family_kids,relaxed,balanced,full,neutral
1761,60,middle_kingdom,architecture;religion_gods;war_weapons,student,balanced,highlights,wheelchair,neutral
1762,120,tutankhamun,art_statues;war_weapons;discovery_archaeology,couple,balanced,highlights,full,avoid
1763,300,new_kingdom,daily_life;ships_transport,group,balanced,highlights,full,avoid
1764,180,,discovery_archaeology,student,relaxed,highlights,full,neutral
1765,120,prehistoric_early;late_greco_roman,discovery_archaeology;mummies_afterlife,group,balanced,highlights,full,avoid
1766,120,late_greco_roman;middle_kingdom,discovery_archaeology;religion_gods;war_weapons,student,balanced,deep,full,neutral
1767,60,tutankhamun;middle_kingdom;new_kingdom,religion_gods;art_statues;ships_transport,couple,balanced,highlights,full,neutral
1768,60,prehistoric_early;late_greco_roman,mummies_afterlife,solo,fast,balanced,full,avoid
1769,180,prehistoric_early,discovery_archaeology;writing_literature;daily_life;mummies_afterlife,student,fast,highlights,full,neutral
1770,90,middle_kingdom;prehistoric_early,writing_literature;architecture;gold_jewelry;ships_transport,student,balanced,deep,full,avoid
1771,60,,animals;gold_jewelry;architecture;mummies_afterlife,group,balanced,deep,full,neutral
1772,60,middle_kingdom;prehistoric_early;new_kingdom,daily_life,group,balanced,balanced,full,avoid
1773,60,,daily_life;architecture,couple,relaxed,balanced,full,avoid
1774,90,old_kingdom;late_greco_roman;new_kingdom,royalty;ships_transport,family_kids,relaxed,balanced,full,neutral
1775,300,middle_kingdom;old_kingdom;new_kingdom,mummies_afterlife;daily_life;writing_literature,solo,balanced,highlights,full,neutral
1776,90,old_kingdom,mummies_afterlife;war_weapons;writing_literature;royalty,family_kids,fast,deep,full,avoid
1777,300,prehistoric_early,royalty;gold_jewelry,group,fast,balanced,full,neutral
1778,180,prehistoric_early;middle_kingdom,royalty;religion_gods;art_statues;ships_transport;writing_literature,solo,balanced,balanced,full,neutral
1779,60,,war_weapons;writing_literature,family_kids,balanced,balanced,full,neutral
1780,90,old_kingdom,gold_jewelry;religion_gods;war_weapons,solo,balanced,deep,full,neutral
1781,120,,war_weapons;gold_jewelry;animals;discovery_archaeology,family_kids,relaxed,balanced,full,neutral
1782,240,prehistoric_early;new_kingdom;tutankhamun,architecture;writing_literature;war_weapons,group,balanced,balanced,full,avoid
1783,60,,daily_life;royalty;art_statues,couple,relaxed,balanced,full,avoid
1784,120,middle_kingdom;tutankhamun,royalty;daily_life;ships_transport,solo,relaxed,balanced,full,avoid
1785,180,,writing_literature;architecture;gold_jewelry;daily_life,solo,balanced,balanced,full,avoid
1786,90,,discovery_archaeology;writing_literature;daily_life,student,relaxed,deep,full,avoid
1787,120,late_greco_roman,royalty,couple,relaxed,balanced,full,neutral
1788,60,,architecture;war_weapons;writing_literature;animals;daily_life,student,relaxed,highlights,full,neutral
1789,120,tutankhamun;late_greco_roman;old_kingdom,writing_literature;war_weapons;mummies_afterlife,student,fast,balanced,full,neutral
1790,90,tutankhamun;old_kingdom,religion_gods;architecture;royalty;writing_literature,couple,balanced,highlights,full,neutral
1791,300,tutankhamun,mummies_afterlife;discovery_archaeology;writing_literature,student,relaxed,highlights,full,neutral
1792,240,new_kingdom,animals;religion_gods;royalty,group,balanced,balanced,full,neutral
1793,120,late_greco_roman;middle_kingdom,mummies_afterlife;ships_transport;writing_literature;royalty;animals,solo,relaxed,deep,full,neutral
1794,90,prehistoric_early,mummies_afterlife;animals,solo,relaxed,highlights,full,neutral
1795,300,new_kingdom,daily_life;discovery_archaeology;gold_jewelry,couple,relaxed,balanced,full,neutral
1796,60,tutankhamun,royalty;animals;architecture,student,relaxed,balanced,avoid_stairs,avoid
1797,300,prehistoric_early;late_greco_roman,writing_literature;religion_gods;art_statues,student,fast,deep,full,neutral
1798,180,middle_kingdom;tutankhamun,architecture;daily_life;war_weapons,group,fast,highlights,full,neutral
1799,120,tutankhamun,gold_jewelry;war_weapons;ships_transport,family_kids,fast,highlights,full,neutral
1800,120,middle_kingdom,animals;architecture;gold_jewelry;war_weapons,family_kids,fast,deep,full,neutral
1801,300,tutankhamun,discovery_archaeology;royalty;religion_gods;architecture;animals,group,balanced,highlights,full,avoid
1802,120,old_kingdom;late_greco_roman,gold_jewelry;discovery_archaeology,solo,balanced,deep,full,neutral
1803,240,tutankhamun,religion_gods,family_kids,relaxed,highlights,full,neutral
1804,60,old_kingdom;late_greco_roman,animals;discovery_archaeology;religion_gods,family_kids,balanced,highlights,full,neutral
1805,180,late_greco_roman;prehistoric_early,architecture;mummies_afterlife;religion_gods,solo,balanced,balanced,full,neutral
1806,120,,art_statues;ships_transport,solo,balanced,balanced,full,neutral
1807,180,middle_kingdom,royalty;art_statues;mummies_afterlife,group,relaxed,balanced,full,neutral
1808,120,late_greco_roman;new_kingdom,war_weapons;gold_jewelry;art_statues,couple,balanced,highlights,full,neutral
1809,120,middle_kingdom;prehistoric_early;new_kingdom,discovery_archaeology;architecture;royalty;daily_life,solo,relaxed,highlights,full,neutral
1810,90,prehistoric_early,royalty;writing_literature;discovery_archaeology;religion_gods;war_weapons,group,fast,deep,full,neutral
1811,90,new_kingdom,mummies_afterlife;art_statues,family_kids,fast,highlights,avoid_stairs,avoid
1812,120,new_kingdom,art_statues;mummies_afterlife,group,relaxed,highlights,full,neutral
1813,180,old_kingdom;tutankhamun,ships_transport;gold_jewelry;animals;war_weapons;mummies_afterlife,family_kids,fast,highlights,full,neutral
1814,120,,art_statues;discovery_archaeology;daily_life;animals;religion_gods,couple,fast,balanced,full,neutral
1815,60,new_kingdom;tutankhamun,gold_jewelry;religion_gods;architecture,family_kids,balanced,highlights,full,avoid
1816,60,old_kingdom;prehistoric_early;late_greco_roman,mummies_afterlife;art_statues,couple,relaxed,balanced,full,avoid
1817,90,,animals;religion_gods,family_kids,relaxed,balanced,full,neutral
1818,180,prehistoric_early;late_greco_roman;new_kingdom,gold_jewelry;royalty;ships_transport,couple,balanced,balanced,wheelchair,neutral
1819,300,late_greco_roman,architecture;discovery_archaeology;writing_literature;daily_life,student,fast,deep,full,neutral
1820,120,prehistoric_early,ships_transport;daily_life;religion_gods,couple,relaxed,balanced,full,avoid
1821,300,middle_kingdom;late_greco_roman,royalty;gold_jewelry;discovery_archaeology;writing_literature,couple,balanced,balanced,full,neutral
1822,60,old_kingdom,gold_jewelry;royalty;discovery_archaeology;mummies_afterlife,group,balanced,deep,full,avoid
1823,60,late_greco_roman,animals;ships_transport;mummies_afterlife;discovery_archaeology;architecture,solo,balanced,highlights,full,neutral
1824,60,late_greco_roman;prehistoric_early,gold_jewelry;architecture;royalty;animals;art_statues,couple,relaxed,balanced,avoid_stairs,avoid
1825,60,old_kingdom;new_kingdom,daily_life;art_statues,solo,fast,highlights,full,avoid
1826,180,late_greco_roman,animals,couple,balanced,balanced,full,avoid
1827,120,new_kingdom;old_kingdom,writing_literature;architecture;ships_transport,solo,fast,highlights,full,neutral
1828,120,new_kingdom;tutankhamun;late_greco_roman,religion_gods;animals;gold_jewelry;architecture;ships_transport,family_kids,balanced,deep,full,neutral
1829,90,tutankhamun,writing_literature;war_weapons,group,fast,balanced,avoid_stairs,avoid
1830,180,prehistoric_early,architecture;royalty,couple,fast,highlights,full,avoid
1831,180,,writing_literature,solo,relaxed,deep,full,neutral
1832,180,,ships_transport,group,relaxed,deep,full,avoid
1833,300,late_greco_roman;prehistoric_early,war_weapons;art_statues,couple,balanced,balanced,full,avoid
1834,120,tutankhamun;old_kingdom;prehistoric_early,gold_jewelry;animals;war_weapons,student,balanced,deep,full,neutral
1835,120,middle_kingdom;prehistoric_early,war_weapons;ships_transport,family_kids,relaxed,highlights,avoid_stairs,neutral
1836,180,old_kingdom;middle_kingdom,architecture,student,relaxed,balanced,full,avoid
1837,90,middle_kingdom,animals;discovery_archaeology;royalty;ships_transport,solo,balanced,balanced,avoid_stairs,avoid
1838,120,middle_kingdom,daily_life;architecture;discovery_archaeology,group,balanced,highlights,full,avoid
1839,60,tutankhamun;new_kingdom,architecture;royalty,group,relaxed,highlights,full,neutral
1840,120,late_greco_roman;prehistoric_early;new_kingdom,ships_transport,family_kids,balanced,balanced,avoid_stairs,neutral
1841,120,new_kingdom;tutankhamun,daily_life;architecture;art_statues;royalty;religion_gods,couple,balanced,highlights,full,avoid
1842,90,tutankhamun;middle_kingdom;old_kingdom,daily_life;art_statues,family_kids,fast,balanced,avoid_stairs,avoid
1843,240,tutankhamun;middle_kingdom,discovery_archaeology;art_statues;animals,family_kids,relaxed,balanced,full,neutral
1844,180,middle_kingdom,animals;ships_transport;gold_jewelry;art_statues,solo,balanced,highlights,full,avoid
1845,180,,gold_jewelry;war_weapons;architecture;ships_transport,family_kids,relaxed,highlights,full,avoid
1846,60,middle_kingdom;old_kingdom,architecture;gold_jewelry,solo,balanced,balanced,full,avoid
1847,180,prehistoric_early;tutankhamun,royalty;architecture;daily_life;ships_transport;art_statues,couple,fast,highlights,full,neutral
1848,60,old_kingdom;middle_kingdom;prehistoric_early,ships_transport;gold_jewelry;daily_life,family_kids,balanced,highlights,full,neutral
1849,180,new_kingdom,animals,family_kids,relaxed,highlights,full,neutral
1850,180,tutankhamun,writing_literature;daily_life,solo,balanced,balanced,full,neutral
1851,180,tutankhamun,religion_gods;royalty;architecture;art_statues;writing_literature,solo,balanced,balanced,full,neutral
1852,180,new_kingdom;prehistoric_early,war_weapons;mummies_afterlife;art_statues;animals;ships_transport,group,relaxed,highlights,full,neutral
1853,90,new_kingdom;old_kingdom,religion_gods;gold_jewelry,family_kids,balanced,balanced,full,neutral
1854,90,late_greco_roman,ships_transport;architecture;war_weapons;royalty;writing_literature,family_kids,relaxed,highlights,full,neutral
1855,120,new_kingdom,royalty;art_statues;gold_jewelry;ships_transport;war_weapons,couple,relaxed,balanced,full,avoid
1856,180,old_kingdom;new_kingdom;late_greco_roman,war_weapons;mummies_afterlife;architecture;writing_literature,solo,relaxed,balanced,full,neutral
1857,120,prehistoric_early;middle_kingdom,royalty;art_statues,couple,fast,highlights,full,neutral
1858,240,new_kingdom,art_statues;architecture;discovery_archaeology,solo,relaxed,highlights,full,neutral
1859,90,middle_kingdom;new_kingdom;late_greco_roman,animals;ships_transport;discovery_archaeology,solo,relaxed,balanced,full,neutral
1860,60,,war_weapons;royalty;discovery_archaeology;daily_life,couple,balanced,highlights,full,neutral
1861,90,prehistoric_early,art_statues;writing_literature,solo,relaxed,highlights,avoid_stairs,neutral
1862,90,new_kingdom;middle_kingdom,architecture;animals;mummies_afterlife,family_kids,fast,balanced,full,avoid
1863,300,late_greco_roman,ships_transport;daily_life;religion_gods,couple,balanced,highlights,full,neutral
1864,180,new_kingdom;prehistoric_early,writing_literature;daily_life;ships_transport;animals,solo,balanced,balanced,full,neutral
1865,60,new_kingdom;tutankhamun;middle_kingdom,writing_literature,student,relaxed,highlights,full,neutral
1866,90,new_kingdom;prehistoric_early;tutankhamun,gold_jewelry;architecture,couple,balanced,deep,full,neutral
1867,120,,daily_life;religion_gods;mummies_afterlife,group,balanced,balanced,full,neutral
1868,60,new_kingdom,art_statues;daily_life;architecture;mummies_afterlife,solo,relaxed,highlights,wheelchair,avoid
1869,120,old_kingdom,ships_transport;art_statues;animals;royalty,couple,balanced,highlights,full,neutral
1870,240,prehistoric_early,mummies_afterlife;discovery_archaeology;art_statues,solo,balanced,balanced,full,neutral
1871,180,prehistoric_early,art_statues;royalty;architecture;gold_jewelry;daily_life,couple,balanced,highlights,full,avoid
1872,180,tutankhamun;late_greco_roman,daily_life;war_weapons;architecture;ships_transport;gold_jewelry,family_kids,relaxed,balanced,full,neutral
1873,240,tutankhamun;late_greco_roman;prehistoric_early,religion_gods;ships_transport;gold_jewelry,solo,balanced,highlights,avoid_stairs,neutral
1874,60,new_kingdom,gold_jewelry;discovery_archaeology,couple,balanced,highlights,full,neutral
1875,120,new_kingdom,animals;war_weapons,family_kids,balanced,balanced,avoid_stairs,avoid
1876,300,tutankhamun;prehistoric_early;new_kingdom,royalty;art_statues;gold_jewelry,couple,balanced,highlights,full,avoid
1877,240,middle_kingdom;late_greco_roman;new_kingdom,daily_life;gold_jewelry;royalty;war_weapons,couple,relaxed,balanced,full,neutral
1878,240,prehistoric_early;late_greco_roman;old_kingdom,writing_literature;royalty;architecture;ships_transport,student,relaxed,balanced,full,avoid
1879,240,new_kingdom;prehistoric_early,architecture;discovery_archaeology,student,balanced,deep,wheelchair,avoid
1880,240,prehistoric_early,religion_gods;ships_transport,family_kids,fast,balanced,full,neutral
1881,300,new_kingdom,daily_life;war_weapons;art_statues,couple,relaxed,highlights,full,neutral
1882,90,prehistoric_early;old_kingdom;middle_kingdom,ships_transport;gold_jewelry,group,balanced,balanced,full,neutral
1883,60,prehistoric_early;middle_kingdom;tutankhamun,animals;art_statues;discovery_archaeology,couple,fast,deep,full,avoid
1884,180,old_kingdom;late_greco_roman,architecture;writing_literature;art_statues;discovery_archaeology,student,balanced,balanced,full,avoid
1885,180,,discovery_archaeology;religion_gods;animals;daily_life,student,fast,highlights,full,avoid
1886,120,,war_weapons;art_statues;writing_literature;gold_jewelry;mummies_afterlife,solo,relaxed,balanced,full,neutral
1887,60,prehistoric_early;new_kingdom,art_statues;writing_literature;gold_jewelry,couple,balanced,balanced,full,neutral
1888,90,prehistoric_early,discovery_archaeology;war_weapons;animals,solo,balanced,deep,full,neutral
1889,60,late_greco_roman;middle_kingdom,royalty;gold_jewelry;religion_gods,solo,fast,highlights,full,avoid
1890,60,new_kingdom,ships_transport;war_weapons,solo,relaxed,balanced,full,avoid
1891,240,middle_kingdom;tutankhamun,gold_jewelry;discovery_archaeology;ships_transport;architecture;war_weapons,family_kids,relaxed,highlights,full,neutral
1892,120,middle_kingdom;prehistoric_early,discovery_archaeology;royalty,group,balanced,highlights,full,neutral
1893,180,new_kingdom;tutankhamun;old_kingdom,gold_jewelry;ships_transport;religion_gods,couple,balanced,highlights,full,neutral
1894,120,prehistoric_early,gold_jewelry;animals;art_statues,couple,relaxed,deep,full,neutral
1895,180,,discovery_archaeology;writing_literature;architecture;animals,student,balanced,balanced,full,avoid
1896,120,middle_kingdom;old_kingdom,gold_jewelry;royalty;ships_transport;art_statues,couple,relaxed,deep,wheelchair,avoid
1897,120,middle_kingdom,religion_gods;architecture;gold_jewelry;mummies_afterlife;royalty,group,relaxed,highlights,avoid_stairs,neutral
1898,240,old_kingdom;prehistoric_early,war_weapons;daily_life;mummies_afterlife;religion_gods;architecture,family_kids,relaxed,balanced,full,avoid
1899,180,old_kingdom,war_weapons;royalty;animals,family_kids,balanced,highlights,full,neutral
1900,120,prehistoric_early;late_greco_roman;new_kingdom,war_weapons;architecture;gold_jewelry;royalty;daily_life,couple,relaxed,highlights,avoid_stairs,neutral
1901,180,late_greco_roman,ships_transport;discovery_archaeology,solo,balanced,balanced,avoid_stairs,avoid
1902,240,late_greco_roman;old_kingdom;tutankhamun,daily_life;royalty,family_kids,balanced,balanced,full,avoid
1903,180,middle_kingdom;tutankhamun,daily_life;ships_transport;writing_literature;war_weapons;mummies_afterlife,group,balanced,highlights,full,avoid
1904,90,,gold_jewelry;architecture;mummies_afterlife;royalty;daily_life,group,balanced,balanced,wheelchair,avoid
1905,240,old_kingdom;prehistoric_early,writing_literature;daily_life,group,balanced,highlights,full,avoid
1906,180,new_kingdom,writing_literature;gold_jewelry,group,fast,highlights,full,neutral
1907,120,new_kingdom,writing_literature;art_statues,couple,balanced,balanced,full,neutral
1908,180,old_kingdom;prehistoric_early,architecture;mummies_afterlife,solo,balanced,highlights,full,avoid
1909,120,middle_kingdom;tutankhamun,discovery_archaeology;writing_literature;architecture,solo,balanced,balanced,avoid_stairs,neutral
1910,90,tutankhamun,art_statues;animals;daily_life;war_weapons,family_kids,fast,balanced,full,neutral
1911,240,new_kingdom;old_kingdom,writing_literature;animals;discovery_archaeology,solo,balanced,deep,full,neutral
1912,90,old_kingdom,war_weapons;architecture,group,balanced,balanced,avoid_stairs,neutral
1913,180,middle_kingdom,war_weapons,family_kids,relaxed,balanced,avoid_stairs,neutral
1914,120,new_kingdom;old_kingdom,daily_life;war_weapons;animals;mummies_afterlife;gold_jewelry,family_kids,balanced,balanced,full,neutral
1915,120,late_greco_roman;prehistoric_early,royalty;gold_jewelry,couple,balanced,balanced,full,avoid
1916,240,prehistoric_early;late_greco_roman,art_statues;gold_jewelry;writing_literature;daily_life;religion_gods,solo,balanced,highlights,full,neutral
1917,180,late_greco_roman;new_kingdom;old_kingdom,mummies_afterlife;writing_literature;architecture;gold_jewelry,solo,balanced,balanced,full,neutral
1918,180,prehistoric_early,art_statues;royalty;war_weapons;daily_life;mummies_afterlife,couple,fast,deep,full,avoid
1919,120,late_greco_roman,gold_jewelry;art_statues;animals,couple,relaxed,balanced,full,neutral
1920,180,late_greco_roman,war_weapons;art_statues,solo,relaxed,balanced,full,avoid
1921,120,late_greco_roman;prehistoric_early;middle_kingdom,religion_gods;ships_transport;war_weapons;animals;architecture,family_kids,relaxed,highlights,wheelchair,neutral
1922,180,late_greco_roman;tutankhamun,religion_gods,solo,fast,balanced,full,avoid
1923,90,,religion_gods;art_statues;gold_jewelry;ships_transport;war_weapons,solo,balanced,balanced,full,avoid
1924,180,new_kingdom,daily_life,couple,fast,deep,full,avoid
1925,120,prehistoric_early,animals;royalty;architecture;war_weapons,group,fast,highlights,full,neutral
1926,60,old_kingdom,war_weapons;religion_gods;ships_transport;daily_life;animals,family_kids,relaxed,balanced,full,avoid
1927,240,,writing_literature;animals,solo,balanced,balanced,full,avoid
1928,180,late_greco_roman,gold_jewelry;art_statues;mummies_afterlife;religion_gods,group,relaxed,deep,full,neutral
1929,300,,architecture;discovery_archaeology;ships_transport,solo,relaxed,balanced,full,neutral
1930,180,prehistoric_early,architecture;mummies_afterlife;writing_literature,group,relaxed,highlights,full,avoid
1931,120,middle_kingdom,religion_gods;gold_jewelry;war_weapons;art_statues;discovery_archaeology,solo,balanced,highlights,avoid_stairs,neutral
1932,120,new_kingdom,gold_jewelry;mummies_afterlife,couple,relaxed,balanced,full,avoid
1933,240,late_greco_roman;tutankhamun,religion_gods;animals;writing_literature;war_weapons,family_kids,relaxed,balanced,full,neutral
1934,240,,war_weapons;mummies_afterlife;animals;ships_transport,solo,relaxed,highlights,full,neutral
1935,180,middle_kingdom;new_kingdom,gold_jewelry;war_weapons;religion_gods,family_kids,relaxed,balanced,full,avoid
1936,120,,writing_literature;war_weapons,solo,balanced,deep,full,avoid
1937,120,old_kingdom;tutankhamun;late_greco_roman,daily_life;art_statues;writing_literature,solo,relaxed,highlights,full,avoid
1938,240,middle_kingdom;new_kingdom;prehistoric_early,discovery_archaeology,couple,balanced,highlights,full,avoid
1939,60,new_kingdom;old_kingdom,animals;art_statues;daily_life,couple,fast,highlights,full,neutral
1940,120,new_kingdom,art_statues;war_weapons,student,relaxed,balanced,wheelchair,neutral
1941,120,old_kingdom,war_weapons;ships_transport,solo,relaxed,highlights,full,avoid
1942,180,middle_kingdom,royalty;architecture,group,balanced,highlights,avoid_stairs,neutral
1943,60,middle_kingdom,mummies_afterlife;discovery_archaeology;ships_transport,solo,relaxed,deep,full,neutral
1944,120,tutankhamun;middle_kingdom,discovery_archaeology;ships_transport;animals;gold_jewelry;war_weapons,family_kids,fast,deep,full,avoid
1945,300,,architecture;war_weapons;ships_transport;daily_life,student,balanced,deep,full,avoid
1946,240,new_kingdom;prehistoric_early;late_greco_roman,daily_life,solo,balanced,deep,wheelchair,neutral
1947,240,new_kingdom,ships_transport;daily_life;art_statues;animals;gold_jewelry,solo,relaxed,highlights,full,avoid
1948,180,,animals;writing_literature;religion_gods,student,balanced,highlights,full,avoid
1949,240,old_kingdom;tutankhamun,royalty;ships_transport;writing_literature,family_kids,relaxed,balanced,full,neutral
1950,90,new_kingdom,war_weapons;royalty,solo,relaxed,highlights,wheelchair,avoid
1951,180,middle_kingdom;new_kingdom,discovery_archaeology;war_weapons,family_kids,relaxed,highlights,full,avoid
1952,90,tutankhamun,animals;royalty;war_weapons;discovery_archaeology,solo,relaxed,balanced,full,avoid
1953,300,prehistoric_early,religion_gods;royalty;war_weapons;architecture;art_statues,student,balanced,deep,full,neutral
1954,90,middle_kingdom;prehistoric_early,ships_transport;gold_jewelry;discovery_archaeology;mummies_afterlife,student,relaxed,balanced,full,neutral
1955,120,old_kingdom,war_weapons,couple,balanced,balanced,full,neutral
1956,240,old_kingdom;prehistoric_early,animals;ships_transport;architecture,solo,fast,deep,full,avoid
1957,180,late_greco_roman;middle_kingdom,daily_life;war_weapons;art_statues,couple,relaxed,balanced,full,avoid
1958,180,old_kingdom,ships_transport;discovery_archaeology;royalty;mummies_afterlife;animals,family_kids,balanced,balanced,wheelchair,neutral
1959,180,tutankhamun,religion_gods;gold_jewelry;mummies_afterlife;war_weapons;daily_life,couple,relaxed,balanced,full,neutral
1960,180,new_kingdom,art_statues;writing_literature;architecture;mummies_afterlife;gold_jewelry,group,fast,highlights,wheelchair,avoid
1961,180,prehistoric_early,architecture;ships_transport;mummies_afterlife;gold_jewelry,group,balanced,highlights,full,neutral
1962,120,tutankhamun;middle_kingdom,ships_transport;writing_literature;gold_jewelry;royalty;war_weapons,family_kids,balanced,deep,full,neutral
1963,90,late_greco_roman;tutankhamun;middle_kingdom,daily_life;war_weapons,family_kids,balanced,balanced,avoid_stairs,neutral
1964,90,,architecture;animals;war_weapons;mummies_afterlife,group,balanced,balanced,full,avoid
1965,120,tutankhamun,war_weapons;discovery_archaeology;ships_transport;royalty,solo,balanced,highlights,full,avoid
1966,120,middle_kingdom,religion_gods;daily_life;animals,couple,fast,highlights,full,neutral
1967,180,new_kingdom,architecture;discovery_archaeology;religion_gods,group,balanced,deep,full,neutral
1968,120,prehistoric_early;tutankhamun,gold_jewelry;mummies_afterlife,group,relaxed,highlights,full,avoid
1969,180,late_greco_roman;prehistoric_early,mummies_afterlife,group,balanced,balanced,full,neutral
1970,240,old_kingdom,animals;mummies_afterlife;discovery_archaeology;war_weapons,family_kids,relaxed,deep,full,neutral
1971,240,tutankhamun,writing_literature;daily_life;gold_jewelry,family_kids,balanced,highlights,full,avoid
1972,180,tutankhamun,royalty,solo,balanced,balanced,full,neutral
1973,180,late_greco_roman,animals;religion_gods,family_kids,relaxed,balanced,full,neutral
1974,300,,discovery_archaeology;art_statues;architecture;royalty;gold_jewelry,solo,fast,balanced,wheelchair,neutral
1975,90,,royalty,solo,balanced,balanced,wheelchair,neutral
1976,120,late_greco_roman;tutankhamun;prehistoric_early,royalty;art_statues;mummies_afterlife,group,relaxed,highlights,avoid_stairs,avoid
1977,180,,war_weapons;religion_gods,family_kids,relaxed,highlights,full,neutral
1978,60,tutankhamun,writing_literature;royalty;ships_transport,group,fast,balanced,full,avoid
1979,240,late_greco_roman;middle_kingdom;old_kingdom,religion_gods;mummies_afterlife;discovery_archaeology,solo,balanced,balanced,full,neutral
1980,120,prehistoric_early,architecture;discovery_archaeology;ships_transport;royalty,group,balanced,balanced,full,avoid
1981,120,late_greco_roman;prehistoric_early,war_weapons;animals;writing_literature;religion_gods,family_kids,balanced,deep,full,neutral
1982,240,old_kingdom,writing_literature;discovery_archaeology,group,balanced,balanced,full,neutral
1983,120,tutankhamun;late_greco_roman,discovery_archaeology;mummies_afterlife;royalty;religion_gods;architecture,group,balanced,deep,full,neutral
1984,180,late_greco_roman,mummies_afterlife;architecture,group,balanced,balanced,full,avoid
1985,240,new_kingdom;middle_kingdom,war_weapons;architecture,family_kids,balanced,balanced,full,avoid
1986,90,middle_kingdom,writing_literature;daily_life,family_kids,balanced,balanced,full,avoid
1987,90,tutankhamun,royalty;architecture,family_kids,fast,balanced,full,neutral
1988,90,prehistoric_early,writing_literature,student,relaxed,balanced,full,neutral
1989,60,middle_kingdom;prehistoric_early,war_weapons;animals;gold_jewelry;religion_gods;ships_transport,family_kids,balanced,balanced,full,neutral
1990,120,new_kingdom,royalty;war_weapons;religion_gods,solo,fast,highlights,full,neutral
1991,120,new_kingdom,ships_transport;royalty;animals,family_kids,relaxed,balanced,full,avoid
1992,180,late_greco_roman,ships_transport;royalty,family_kids,balanced,balanced,avoid_stairs,neutral
1993,90,new_kingdom;tutankhamun,animals;art_statues;royalty;discovery_archaeology;daily_life,couple,fast,balanced,wheelchair,neutral
1994,90,tutankhamun;late_greco_roman;old_kingdom,architecture;writing_literature;art_statues;religion_gods,solo,fast,deep,full,neutral
1995,240,prehistoric_early,discovery_archaeology;animals;gold_jewelry;writing_literature;royalty,family_kids,relaxed,highlights,full,neutral
1996,120,late_greco_roman;prehistoric_early,discovery_archaeology;art_statues;mummies_afterlife,student,fast,balanced,full,neutral
1997,180,,writing_literature;art_statues;gold_jewelry,family_kids,balanced,highlights,full,neutral
1998,60,prehistoric_early,art_statues;mummies_afterlife,couple,relaxed,balanced,full,neutral
1999,240,late_greco_roman;old_kingdom,ships_transport,family_kids,balanced,deep,full,avoid
2000,90,late_greco_roman,ships_transport;art_statues;writing_literature,couple,balanced,balanced,avoid_stairs,avoid
2001,180,late_greco_roman;new_kingdom,gold_jewelry;mummies_afterlife;art_statues;animals,group,balanced,highlights,full,avoid
2002,240,tutankhamun,ships_transport;gold_jewelry,solo,fast,balanced,full,avoid
2003,120,,ships_transport;war_weapons;discovery_archaeology,solo,relaxed,balanced,full,avoid
2004,180,old_kingdom;tutankhamun;late_greco_roman,war_weapons;ships_transport;mummies_afterlife,solo,relaxed,highlights,full,avoid
2005,120,tutankhamun;late_greco_roman,writing_literature;ships_transport;animals;royalty,student,fast,highlights,full,neutral
2006,180,late_greco_roman,mummies_afterlife,solo,relaxed,highlights,wheelchair,neutral
2007,180,old_kingdom,ships_transport;discovery_archaeology;daily_life,couple,fast,deep,full,avoid
2008,180,tutankhamun,religion_gods;war_weapons,solo,fast,deep,full,neutral
2009,60,tutankhamun;old_kingdom,art_statues;daily_life,couple,balanced,balanced,full,avoid
2010,240,old_kingdom,royalty;war_weapons;ships_transport;mummies_afterlife,couple,fast,highlights,full,avoid
2011,60,late_greco_roman;middle_kingdom;new_kingdom,mummies_afterlife,couple,balanced,highlights,full,neutral
2012,90,middle_kingdom;late_greco_roman,animals;gold_jewelry;war_weapons;daily_life,family_kids,fast,highlights,full,avoid
2013,180,old_kingdom;late_greco_roman,mummies_afterlife;war_weapons;ships_transport,family_kids,relaxed,balanced,full,neutral
2014,90,prehistoric_early;middle_kingdom,ships_transport;writing_literature;gold_jewelry,couple,balanced,deep,full,neutral
2015,180,,mummies_afterlife;animals;writing_literature;ships_transport;royalty,solo,balanced,balanced,full,neutral
2016,90,late_greco_roman;tutankhamun,ships_transport;architecture,group,balanced,highlights,full,neutral
2017,120,,war_weapons;discovery_archaeology;writing_literature,student,relaxed,balanced,full,avoid
2018,120,tutankhamun;middle_kingdom,writing_literature;art_statues;gold_jewelry,student,balanced,highlights,full,avoid
2019,180,tutankhamun,daily_life;royalty;ships_transport;writing_literature;art_statues,couple,relaxed,balanced,full,neutral
2020,120,old_kingdom,ships_transport;art_statues,solo,fast,deep,full,neutral
2021,120,prehistoric_early,writing_literature;daily_life;ships_transport;religion_gods;gold_jewelry,student,relaxed,balanced,full,avoid
2022,120,new_kingdom,ships_transport;art_statues;writing_literature;religion_gods;animals,student,relaxed,deep,full,neutral
2023,300,middle_kingdom;prehistoric_early,war_weapons,solo,balanced,balanced,avoid_stairs,neutral
2024,90,prehistoric_early,art_statues;gold_jewelry,solo,relaxed,balanced,wheelchair,neutral
2025,120,middle_kingdom;late_greco_roman,writing_literature;royalty;gold_jewelry;mummies_afterlife;animals,family_kids,balanced,deep,full,neutral
2026,60,middle_kingdom,animals;discovery_archaeology;writing_literature,solo,relaxed,highlights,avoid_stairs,avoid
2027,90,prehistoric_early,daily_life;architecture;gold_jewelry,student,balanced,highlights,full,neutral
2028,180,late_greco_roman,daily_life,solo,balanced,balanced,full,neutral
2029,240,,royalty;religion_gods,solo,relaxed,balanced,full,neutral
2030,240,late_greco_roman;new_kingdom,daily_life;art_statues,family_kids,balanced,highlights,full,avoid
2031,120,late_greco_roman;old_kingdom,writing_literature;gold_jewelry;religion_gods;animals;mummies_afterlife,student,fast,highlights,full,neutral
2032,120,old_kingdom;middle_kingdom,art_statues;architecture;gold_jewelry;ships_transport;royalty,group,fast,highlights,full,avoid
2033,90,tutankhamun;prehistoric_early,ships_transport;animals;gold_jewelry;discovery_archaeology;religion_gods,family_kids,balanced,highlights,full,neutral
2034,120,late_greco_roman,ships_transport;animals;architecture,family_kids,relaxed,balanced,full,avoid
2035,120,late_greco_roman,writing_literature;art_statues;discovery_archaeology;religion_gods;royalty,student,balanced,highlights,full,neutral
2036,120,new_kingdom,religion_gods;mummies_afterlife;daily_life,solo,relaxed,balanced,full,neutral
2037,120,late_greco_roman;prehistoric_early;old_kingdom,architecture;daily_life,solo,fast,highlights,full,neutral
2038,60,middle_kingdom;prehistoric_early,royalty;ships_transport;art_statues;discovery_archaeology,couple,relaxed,deep,full,avoid
2039,90,late_greco_roman,war_weapons;discovery_archaeology;architecture,group,relaxed,balanced,full,avoid
2040,120,middle_kingdom;tutankhamun;late_greco_roman,war_weapons;royalty;animals;architecture,solo,balanced,highlights,full,neutral
2041,180,tutankhamun,royalty;animals;gold_jewelry,couple,fast,deep,full,avoid
2042,60,prehistoric_early;new_kingdom,gold_jewelry,group,balanced,balanced,full,avoid
2043,120,new_kingdom,religion_gods;mummies_afterlife;royalty;writing_literature;gold_jewelry,solo,balanced,highlights,full,neutral
2044,90,new_kingdom,animals,student,relaxed,deep,full,avoid
2045,120,middle_kingdom;prehistoric_early,royalty;war_weapons,solo,fast,balanced,full,avoid
2046,90,old_kingdom,discovery_archaeology;royalty;religion_gods;gold_jewelry,group,relaxed,highlights,full,neutral
2047,240,old_kingdom;prehistoric_early,daily_life;architecture;gold_jewelry,couple,relaxed,highlights,full,neutral
2048,240,middle_kingdom;new_kingdom,war_weapons;writing_literature;ships_transport;gold_jewelry;mummies_afterlife,family_kids,relaxed,deep,full,neutral
2049,240,,architecture;royalty,solo,balanced,deep,full,neutral
2050,180,old_kingdom,art_statues,solo,balanced,highlights,full,neutral
2051,180,,royalty;gold_jewelry;ships_transport;architecture;animals,group,fast,highlights,full,neutral
2052,180,late_greco_roman,war_weapons;writing_literature;ships_transport,family_kids,relaxed,balanced,full,avoid
2053,120,new_kingdom;tutankhamun,art_statues;writing_literature,couple,balanced,highlights,full,neutral
2054,180,late_greco_roman,religion_gods;discovery_archaeology;royalty;writing_literature;architecture,student,relaxed,balanced,full,avoid
2055,120,,writing_literature;ships_transport,solo,balanced,highlights,avoid_stairs,avoid
2056,90,new_kingdom,gold_jewelry;royalty;daily_life;mummies_afterlife,couple,balanced,highlights,full,avoid
2057,180,prehistoric_early,mummies_afterlife;architecture;royalty;religion_gods;discovery_archaeology,group,balanced,balanced,full,avoid
2058,90,middle_kingdom;old_kingdom,discovery_archaeology;gold_jewelry;ships_transport,couple,balanced,highlights,full,avoid
2059,120,old_kingdom;middle_kingdom;tutankhamun,ships_transport;gold_jewelry;writing_literature,couple,balanced,highlights,full,neutral
2060,300,prehistoric_early,discovery_archaeology,student,balanced,highlights,full,avoid
2061,60,new_kingdom,ships_transport;animals,family_kids,balanced,balanced,full,avoid
2062,240,late_greco_roman,war_weapons,couple,relaxed,highlights,full,neutral
2063,240,prehistoric_early;new_kingdom,animals;religion_gods;mummies_afterlife;writing_literature,solo,fast,highlights,full,neutral
2064,240,late_greco_roman,religion_gods;ships_transport;daily_life;architecture;writing_literature,student,fast,balanced,full,neutral
2065,120,late_greco_roman;middle_kingdom,animals;religion_gods;royalty,solo,relaxed,highlights,full,neutral
2066,90,old_kingdom,gold_jewelry;mummies_afterlife;architecture;art_statues,family_kids,relaxed,balanced,full,neutral
2067,240,middle_kingdom;tutankhamun,war_weapons;daily_life;animals,group,balanced,highlights,full,avoid
2068,120,prehistoric_early,gold_jewelry;animals;mummies_afterlife;religion_gods,group,balanced,highlights,full,neutral
2069,180,old_kingdom;prehistoric_early,royalty;war_weapons;art_statues,group,relaxed,highlights,full,avoid
2070,240,,mummies_afterlife;royalty;gold_jewelry,couple,fast,deep,full,neutral
2071,60,new_kingdom,architecture;royalty;animals;gold_jewelry;ships_transport,group,relaxed,balanced,full,avoid
2072,120,prehistoric_early;middle_kingdom,writing_literature;religion_gods;architecture,student,relaxed,highlights,full,neutral
2073,180,tutankhamun;prehistoric_early;new_kingdom,writing_literature;daily_life;art_statues,couple,fast,balanced,full,avoid
2074,90,,animals;ships_transport;mummies_afterlife;discovery_archaeology;art_statues,solo,relaxed,deep,full,avoid
2075,120,old_kingdom,architecture;writing_literature,family_kids,balanced,highlights,full,neutral
2076,240,middle_kingdom;tutankhamun,art_statues;war_weapons;gold_jewelry,group,fast,highlights,full,neutral
2077,60,late_greco_roman,royalty;architecture;daily_life;writing_literature,couple,fast,highlights,full,avoid
2078,180,prehistoric_early,writing_literature;gold_jewelry;war_weapons;ships_transport,solo,relaxed,highlights,avoid_stairs,neutral
2079,120,new_kingdom;tutankhamun;prehistoric_early,royalty;daily_life;gold_jewelry;architecture;art_statues,couple,relaxed,highlights,full,avoid
2080,240,late_greco_roman,mummies_afterlife;religion_gods;discovery_archaeology,solo,relaxed,highlights,full,neutral
2081,180,new_kingdom;late_greco_roman;tutankhamun,art_statues;animals,solo,relaxed,balanced,wheelchair,neutral
2082,180,old_kingdom,war_weapons;animals,family_kids,balanced,deep,wheelchair,avoid
2083,300,late_greco_roman,writing_literature;animals,family_kids,balanced,highlights,wheelchair,neutral
2084,60,late_greco_roman;tutankhamun,royalty;daily_life;gold_jewelry;discovery_archaeology,couple,balanced,balanced,full,avoid
2085,120,prehistoric_early,discovery_archaeology;daily_life;royalty,couple,balanced,deep,wheelchair,avoid
2086,60,prehistoric_early,art_statues;daily_life;animals,couple,relaxed,highlights,full,avoid
2087,120,middle_kingdom,ships_transport;gold_jewelry;war_weapons,family_kids,balanced,balanced,full,avoid
2088,240,late_greco_roman,royalty;gold_jewelry;art_statues,couple,relaxed,deep,full,neutral
2089,90,old_kingdom;middle_kingdom,war_weapons;discovery_archaeology;mummies_afterlife,family_kids,relaxed,highlights,full,avoid
2090,180,middle_kingdom;old_kingdom,religion_gods;writing_literature;daily_life;mummies_afterlife,student,balanced,deep,full,neutral
2091,120,new_kingdom,architecture;war_weapons;animals;discovery_archaeology,solo,balanced,balanced,full,avoid
2092,90,late_greco_roman,royalty;daily_life;writing_literature,couple,relaxed,balanced,full,neutral
2093,240,,animals,couple,relaxed,balanced,full,avoid
2094,120,new_kingdom;tutankhamun;late_greco_roman,writing_literature;gold_jewelry;religion_gods;discovery_archaeology,solo,balanced,highlights,full,neutral
2095,180,late_greco_roman,mummies_afterlife;writing_literature;religion_gods;discovery_archaeology;daily_life,solo,fast,highlights,full,avoid
2096,90,new_kingdom,religion_gods;daily_life;animals,solo,relaxed,balanced,full,neutral
2097,180,,mummies_afterlife;architecture;writing_literature;ships_transport,solo,balanced,deep,full,avoid
2098,240,old_kingdom;late_greco_roman,discovery_archaeology;ships_transport;religion_gods,family_kids,fast,highlights,avoid_stairs,neutral
2099,90,old_kingdom;late_greco_roman,writing_literature,group,relaxed,deep,full,neutral
2100,90,,daily_life;gold_jewelry,couple,balanced,deep,full,neutral
2101,240,tutankhamun,daily_life;architecture;religion_gods;mummies_afterlife,student,balanced,highlights,full,avoid
2102,180,,daily_life;religion_gods;royalty,solo,balanced,balanced,full,avoid
2103,120,tutankhamun;middle_kingdom;old_kingdom,art_statues;discovery_archaeology,solo,relaxed,balanced,full,neutral
2104,90,prehistoric_early,religion_gods;writing_literature;discovery_archaeology,student,balanced,balanced,wheelchair,avoid
2105,120,new_kingdom,architecture;mummies_afterlife;animals,student,relaxed,balanced,avoid_stairs,neutral
2106,240,,art_statues;writing_literature;daily_life,solo,balanced,deep,full,neutral
2107,180,,discovery_archaeology;gold_jewelry;mummies_afterlife,solo,relaxed,highlights,full,neutral
2108,120,old_kingdom;late_greco_roman,gold_jewelry;art_statues;ships_transport,group,balanced,balanced,full,avoid
2109,120,middle_kingdom,architecture;discovery_archaeology;ships_transport;mummies_afterlife,couple,fast,highlights,full,neutral
2110,90,late_greco_roman;old_kingdom,daily_life;mummies_afterlife;gold_jewelry,solo,relaxed,highlights,full,avoid
2111,90,new_kingdom,mummies_afterlife;ships_transport;gold_jewelry,solo,balanced,highlights,full,avoid
2112,180,prehistoric_early;late_greco_roman,religion_gods,student,balanced,deep,full,neutral
2113,120,old_kingdom;tutankhamun;prehistoric_early,architecture;daily_life;discovery_archaeology;gold_jewelry;animals,couple,balanced,balanced,full,avoid
2114,60,tutankhamun,architecture;royalty;writing_literature,group,relaxed,balanced,full,neutral
2115,120,prehistoric_early,art_statues;architecture,solo,relaxed,highlights,wheelchair,neutral
2116,90,tutankhamun,writing_literature;architecture;royalty;animals;religion_gods,group,balanced,highlights,full,neutral
2117,180,old_kingdom;middle_kingdom;late_greco_roman,ships_transport;mummies_afterlife;gold_jewelry,solo,balanced,highlights,full,neutral
2118,300,prehistoric_early;new_kingdom,daily_life;royalty;religion_gods;ships_transport;architecture,solo,relaxed,deep,full,avoid
2119,120,,architecture;religion_gods;art_statues;royalty;daily_life,couple,balanced,highlights,full,avoid
2120,300,late_greco_roman;prehistoric_early,gold_jewelry;religion_gods,student,fast,balanced,full,neutral
2121,60,old_kingdom;tutankhamun,gold_jewelry;religion_gods,solo,relaxed,highlights,full,avoid
2122,120,late_greco_roman,royalty,group,fast,deep,full,avoid
2123,120,old_kingdom,religion_gods;mummies_afterlife;daily_life,solo,balanced,balanced,full,avoid
2124,120,prehistoric_early;new_kingdom;late_greco_roman,war_weapons;ships_transport;religion_gods;royalty,family_kids,relaxed,highlights,wheelchair,avoid
2125,180,tutankhamun;old_kingdom,war_weapons;religion_gods;mummies_afterlife;art_statues;gold_jewelry,solo,balanced,deep,full,avoid
2126,90,,mummies_afterlife;religion_gods;ships_transport,family_kids,relaxed,balanced,full,avoid
2127,120,late_greco_roman;old_kingdom,daily_life;religion_gods,solo,balanced,balanced,full,avoid
2128,180,tutankhamun,gold_jewelry;architecture;writing_literature,group,relaxed,balanced,wheelchair,neutral
2129,180,old_kingdom,ships_transport;animals;religion_gods;war_weapons,family_kids,relaxed,deep,wheelchair,neutral
2130,60,late_greco_roman,writing_literature;religion_gods;daily_life,student,balanced,deep,avoid_stairs,neutral
2131,180,,animals;writing_literature;ships_transport;gold_jewelry;war_weapons,family_kids,balanced,deep,full,neutral
2132,60,new_kingdom;old_kingdom,war_weapons;art_statues;writing_literature,family_kids,fast,balanced,full,avoid
2133,90,old_kingdom,daily_life;art_statues,group,balanced,highlights,full,neutral
2134,90,late_greco_roman,animals,family_kids,relaxed,deep,full,neutral
2135,90,new_kingdom;old_kingdom;middle_kingdom,mummies_afterlife;gold_jewelry,group,fast,deep,full,neutral
2136,240,middle_kingdom;old_kingdom;late_greco_roman,art_statues;discovery_archaeology,group,relaxed,balanced,full,avoid
2137,120,prehistoric_early,writing_literature;war_weapons,solo,fast,balanced,wheelchair,avoid
2138,60,old_kingdom;late_greco_roman,gold_jewelry,family_kids,fast,highlights,full,avoid
2139,120,new_kingdom;tutankhamun;old_kingdom,animals,group,relaxed,deep,full,neutral
2140,180,middle_kingdom;prehistoric_early,religion_gods,couple,balanced,balanced,full,avoid
2141,180,prehistoric_early;middle_kingdom,royalty;architecture;ships_transport;animals,family_kids,fast,highlights,full,neutral
2142,180,late_greco_roman,royalty;ships_transport;architecture;art_statues,solo,fast,highlights,full,neutral
2143,120,tutankhamun,art_statues;writing_literature;gold_jewelry;war_weapons;discovery_archaeology,student,balanced,deep,full,avoid
2144,90,old_kingdom,war_weapons;religion_gods;art_statues;architecture,couple,relaxed,deep,full,neutral
2145,180,tutankhamun,war_weapons;gold_jewelry,couple,balanced,balanced,full,avoid
2146,180,tutankhamun;new_kingdom;old_kingdom,daily_life;art_statues,couple,balanced,highlights,avoid_stairs,neutral
2147,60,,animals;daily_life,couple,fast,balanced,full,neutral
2148,60,middle_kingdom,animals,solo,balanced,highlights,full,neutral
2149,120,middle_kingdom;new_kingdom;prehistoric_early,architecture;daily_life;gold_jewelry;art_statues,couple,relaxed,highlights,avoid_stairs,neutral
2150,240,old_kingdom,discovery_archaeology;gold_jewelry,couple,balanced,deep,full,neutral
2151,240,prehistoric_early,art_statues;gold_jewelry,couple,balanced,balanced,full,neutral
2152,90,prehistoric_early,daily_life;ships_transport;writing_literature,couple,relaxed,balanced,full,neutral
2153,120,tutankhamun,art_statues;daily_life;animals,solo,balanced,balanced,full,neutral
2154,120,late_greco_roman,art_statues;war_weapons;writing_literature;gold_jewelry;discovery_archaeology,family_kids,balanced,deep,full,neutral
2155,180,old_kingdom;prehistoric_early,daily_life;royalty,group,balanced,highlights,full,neutral
2156,90,late_greco_roman,gold_jewelry;war_weapons,group,fast,highlights,full,avoid
2157,120,,gold_jewelry;mummies_afterlife,couple,relaxed,balanced,full,neutral
2158,180,old_kingdom,royalty;mummies_afterlife;war_weapons;architecture,group,balanced,balanced,full,avoid
2159,180,new_kingdom;old_kingdom,religion_gods;animals;ships_transport;discovery_archaeology;war_weapons,solo,relaxed,deep,full,neutral
2160,240,middle_kingdom;tutankhamun,gold_jewelry;mummies_afterlife,group,balanced,balanced,full,avoid
2161,240,old_kingdom;middle_kingdom,ships_transport;writing_literature;daily_life;mummies_afterlife;religion_gods,solo,fast,balanced,wheelchair,neutral
2162,60,new_kingdom,ships_transport;architecture,family_kids,relaxed,highlights,full,avoid
2163,120,prehistoric_early,architecture;mummies_afterlife;religion_gods;royalty,group,balanced,balanced,wheelchair,neutral
2164,90,new_kingdom,religion_gods;ships_transport;gold_jewelry;discovery_archaeology;writing_literature,student,balanced,highlights,full,neutral
2165,60,prehistoric_early,art_statues;animals,solo,fast,highlights,full,neutral
2166,120,tutankhamun;middle_kingdom;old_kingdom,religion_gods;war_weapons;daily_life;discovery_archaeology,couple,balanced,balanced,full,neutral
2167,90,old_kingdom;prehistoric_early;late_greco_roman,architecture;discovery_archaeology;religion_gods,solo,relaxed,balanced,full,neutral
2168,180,prehistoric_early;late_greco_roman,writing_literature;mummies_afterlife;war_weapons;discovery_archaeology;religion_gods,student,balanced,highlights,full,neutral
2169,240,late_greco_roman;middle_kingdom;prehistoric_early,royalty;gold_jewelry,solo,fast,balanced,full,neutral
2170,240,tutankhamun,religion_gods;art_statues,couple,balanced,balanced,full,avoid
2171,90,tutankhamun;new_kingdom,animals;war_weapons,family_kids,fast,balanced,full,neutral
2172,180,old_kingdom;late_greco_roman,religion_gods,solo,relaxed,deep,full,neutral
2173,240,,writing_literature;ships_transport;discovery_archaeology,student,balanced,highlights,avoid_stairs,avoid
2174,180,middle_kingdom;prehistoric_early,art_statues;war_weapons;mummies_afterlife;royalty;discovery_archaeology,solo,relaxed,balanced,full,avoid
2175,120,tutankhamun;middle_kingdom,mummies_afterlife;ships_transport;war_weapons;gold_jewelry;animals,family_kids,fast,balanced,avoid_stairs,neutral
2176,90,prehistoric_early,religion_gods;daily_life;writing_literature;discovery_archaeology;war_weapons,solo,fast,balanced,full,neutral
2177,120,new_kingdom,mummies_afterlife;architecture;discovery_archaeology;writing_literature;art_statues,solo,fast,deep,full,neutral
2178,120,late_greco_roman;prehistoric_early,art_statues;gold_jewelry;writing_literature,couple,relaxed,highlights,full,neutral
2179,90,prehistoric_early,architecture;war_weapons;ships_transport,student,balanced,highlights,full,neutral
2180,180,tutankhamun;middle_kingdom,discovery_archaeology;architecture;animals,student,balanced,balanced,full,neutral
2181,180,tutankhamun,architecture;gold_jewelry,group,balanced,balanced,full,neutral
2182,90,late_greco_roman;middle_kingdom,architecture;gold_jewelry;religion_gods;mummies_afterlife,solo,balanced,highlights,avoid_stairs,neutral
2183,180,old_kingdom,architecture;writing_literature;discovery_archaeology;religion_gods,student,balanced,balanced,full,avoid
2184,180,tutankhamun,gold_jewelry,family_kids,balanced,balanced,full,avoid
2185,180,new_kingdom,mummies_afterlife,couple,relaxed,highlights,full,neutral
2186,300,old_kingdom,ships_transport;art_statues;mummies_afterlife,solo,relaxed,highlights,full,avoid
2187,120,new_kingdom,discovery_archaeology;royalty;architecture;religion_gods;ships_transport,solo,relaxed,balanced,full,neutral
2188,120,prehistoric_early;late_greco_roman;old_kingdom,mummies_afterlife;writing_literature;royalty;religion_gods,solo,balanced,highlights,full,neutral
2189,120,tutankhamun;prehistoric_early,writing_literature,couple,balanced,balanced,full,avoid
2190,120,prehistoric_early;late_greco_roman,gold_jewelry;art_statues;royalty;ships_transport,group,relaxed,deep,wheelchair,avoid
2191,300,tutankhamun;late_greco_roman;prehistoric_early,art_statues;ships_transport,solo,balanced,balanced,avoid_stairs,avoid
2192,180,late_greco_roman;old_kingdom;middle_kingdom,architecture;discovery_archaeology;royalty,solo,balanced,deep,full,avoid
2193,180,prehistoric_early;middle_kingdom,discovery_archaeology;religion_gods,family_kids,balanced,deep,full,neutral
2194,120,late_greco_roman;old_kingdom,royalty;mummies_afterlife,solo,relaxed,deep,full,avoid
2195,180,middle_kingdom;new_kingdom,discovery_archaeology;writing_literature,student,relaxed,highlights,full,avoid
2196,120,middle_kingdom,royalty;art_statues;discovery_archaeology,couple,fast,highlights,wheelchair,neutral
2197,90,,religion_gods,family_kids,balanced,balanced,avoid_stairs,neutral
2198,240,tutankhamun,religion_gods;ships_transport;gold_jewelry;mummies_afterlife,family_kids,balanced,deep,avoid_stairs,avoid
2199,240,late_greco_roman,daily_life,family_kids,balanced,balanced,full,neutral
2200,180,late_greco_roman;middle_kingdom;tutankhamun,art_statues;religion_gods,solo,balanced,highlights,full,avoid
2201,180,middle_kingdom;new_kingdom,daily_life;royalty,couple,relaxed,balanced,full,avoid
2202,180,old_kingdom,gold_jewelry;discovery_archaeology,student,fast,balanced,full,avoid
2203,120,new_kingdom,daily_life,couple,relaxed,balanced,avoid_stairs,neutral
2204,60,late_greco_roman,daily_life;war_weapons,family_kids,relaxed,highlights,full,neutral
2205,60,tutankhamun,art_statues;religion_gods;animals,couple,balanced,balanced,full,avoid
2206,240,,daily_life;royalty,couple,relaxed,balanced,full,avoid
2207,90,tutankhamun,writing_literature;royalty;mummies_afterlife;religion_gods;daily_life,couple,balanced,balanced,full,neutral
2208,120,,ships_transport,student,relaxed,balanced,full,neutral
2209,120,middle_kingdom,architecture;mummies_afterlife;ships_transport;gold_jewelry,solo,balanced,highlights,full,neutral
2210,120,,mummies_afterlife;art_statues;animals,group,balanced,balanced,full,avoid
2211,90,old_kingdom,daily_life;art_statues;religion_gods;mummies_afterlife,group,fast,deep,full,avoid
2212,300,prehistoric_early,architecture;war_weapons,family_kids,fast,balanced,full,neutral
2213,180,prehistoric_early;late_greco_roman,animals;gold_jewelry;ships_transport,family_kids,balanced,balanced,full,avoid
2214,120,middle_kingdom;old_kingdom,architecture,group,fast,balanced,full,neutral
2215,120,middle_kingdom;tutankhamun,royalty,couple,fast,highlights,wheelchair,neutral
2216,180,prehistoric_early,architecture;religion_gods;writing_literature,student,balanced,highlights,full,avoid
2217,300,old_kingdom;late_greco_roman,ships_transport;war_weapons;animals;gold_jewelry;religion_gods,family_kids,relaxed,highlights,full,avoid
2218,60,middle_kingdom;prehistoric_early;old_kingdom,writing_literature;war_weapons;royalty,family_kids,balanced,deep,full,neutral
2219,120,late_greco_roman;old_kingdom,ships_transport,solo,relaxed,highlights,full,neutral
2220,240,late_greco_roman,animals;writing_literature;daily_life,student,balanced,highlights,full,avoid
2221,120,new_kingdom;late_greco_roman,art_statues;mummies_afterlife;gold_jewelry;writing_literature,group,fast,highlights,full,avoid
2222,180,middle_kingdom;tutankhamun,ships_transport;war_weapons;discovery_archaeology,family_kids,relaxed,highlights,full,neutral
2223,180,tutankhamun,art_statues,solo,balanced,highlights,full,avoid
2224,90,middle_kingdom;prehistoric_early,mummies_afterlife;war_weapons;royalty,group,relaxed,balanced,full,avoid
2225,60,,gold_jewelry;war_weapons;animals;ships_transport,family_kids,balanced,deep,full,neutral
2226,120,prehistoric_early,art_statues;gold_jewelry;daily_life;discovery_archaeology,solo,relaxed,balanced,full,neutral
2227,240,,mummies_afterlife;royalty;gold_jewelry;animals,group,balanced,balanced,full,avoid
2228,120,new_kingdom,ships_transport;art_statues,solo,balanced,balanced,full,neutral
2229,120,prehistoric_early;new_kingdom;old_kingdom,royalty;animals;gold_jewelry,solo,balanced,balanced,full,neutral
2230,120,tutankhamun,gold_jewelry;religion_gods;ships_transport,couple,balanced,balanced,full,avoid
2231,90,new_kingdom;tutankhamun;old_kingdom,art_statues;ships_transport,couple,relaxed,deep,full,neutral
2232,120,old_kingdom;new_kingdom,writing_literature;ships_transport;daily_life;art_statues,solo,relaxed,highlights,wheelchair,avoid
2233,180,,writing_literature;architecture,couple,relaxed,deep,full,neutral
2234,120,tutankhamun,ships_transport;daily_life;war_weapons,family_kids,fast,highlights,full,neutral
2235,90,late_greco_roman;prehistoric_early,art_statues;royalty;architecture;ships_transport;mummies_afterlife,couple,relaxed,balanced,avoid_stairs,neutral
2236,90,new_kingdom;middle_kingdom;prehistoric_early,royalty;architecture;mummies_afterlife;writing_literature,group,relaxed,balanced,full,avoid
2237,240,new_kingdom,mummies_afterlife;animals,solo,relaxed,balanced,full,neutral
2238,120,,royalty;art_statues;architecture,group,fast,highlights,full,avoid
2239,180,middle_kingdom,daily_life;discovery_archaeology;religion_gods,solo,relaxed,deep,full,neutral
2240,120,tutankhamun;prehistoric_early;old_kingdom,animals;daily_life;art_statues,family_kids,balanced,highlights,full,avoid
2241,60,old_kingdom;new_kingdom,war_weapons;gold_jewelry,family_kids,balanced,deep,avoid_stairs,neutral
2242,120,tutankhamun;middle_kingdom,ships_transport;war_weapons,family_kids,balanced,deep,avoid_stairs,neutral
2243,120,middle_kingdom,mummies_afterlife;architecture;ships_transport;royalty;writing_literature,family_kids,relaxed,balanced,full,neutral
2244,180,late_greco_roman;old_kingdom;middle_kingdom,royalty;writing_literature;art_statues;ships_transport,student,fast,highlights,full,avoid
2245,120,tutankhamun,art_statues;daily_life;gold_jewelry;writing_literature;war_weapons,couple,fast,highlights,full,neutral
2246,240,new_kingdom;late_greco_roman,architecture;daily_life,solo,balanced,balanced,full,neutral
2247,300,tutankhamun;prehistoric_early,animals;gold_jewelry;discovery_archaeology;mummies_afterlife,solo,relaxed,balanced,avoid_stairs,neutral
2248,180,prehistoric_early,daily_life;religion_gods;royalty,couple,balanced,highlights,full,neutral
2249,120,old_kingdom,architecture;royalty;art_statues;war_weapons,group,relaxed,balanced,full,avoid
2250,180,,gold_jewelry;art_statues,solo,balanced,highlights,full,neutral
2251,240,new_kingdom,discovery_archaeology;animals;ships_transport,solo,relaxed,highlights,full,neutral
2252,60,new_kingdom,royalty,group,balanced,balanced,full,avoid
2253,90,late_greco_roman,gold_jewelry;royalty;discovery_archaeology;mummies_afterlife;architecture,group,balanced,balanced,full,avoid
2254,240,tutankhamun;middle_kingdom,ships_transport;war_weapons;discovery_archaeology,family_kids,balanced,balanced,full,avoid
2255,180,prehistoric_early,religion_gods;animals;discovery_archaeology,student,fast,highlights,full,avoid
2256,120,middle_kingdom;new_kingdom,gold_jewelry;architecture,solo,relaxed,balanced,full,avoid
2257,180,middle_kingdom,architecture;daily_life;writing_literature;gold_jewelry,student,relaxed,highlights,full,neutral
2258,120,old_kingdom,mummies_afterlife;ships_transport;gold_jewelry;discovery_archaeology,group,relaxed,highlights,full,avoid
2259,240,new_kingdom,discovery_archaeology;war_weapons;writing_literature,solo,fast,balanced,full,avoid
2260,180,tutankhamun,religion_gods;daily_life;architecture;mummies_afterlife,solo,balanced,balanced,full,avoid
2261,90,,gold_jewelry;war_weapons;ships_transport,family_kids,balanced,highlights,full,avoid
2262,180,late_greco_roman,animals;royalty,family_kids,relaxed,balanced,full,neutral
2263,120,,art_statues;war_weapons,solo,relaxed,deep,full,neutral
2264,120,,royalty;animals,group,relaxed,highlights,full,neutral
2265,120,late_greco_roman;old_kingdom,war_weapons,group,balanced,highlights,full,neutral
2266,300,middle_kingdom;new_kingdom,architecture;art_statues;war_weapons,couple,relaxed,deep,full,neutral
2267,300,new_kingdom;late_greco_roman,ships_transport;daily_life;mummies_afterlife,solo,balanced,highlights,full,neutral
2268,60,prehistoric_early;middle_kingdom,royalty;mummies_afterlife;daily_life,couple,relaxed,balanced,full,avoid
2269,120,middle_kingdom;old_kingdom,animals;art_statues;discovery_archaeology;daily_life;war_weapons,couple,relaxed,highlights,full,neutral
2270,240,,architecture;mummies_afterlife;animals;art_statues;writing_literature,solo,relaxed,balanced,wheelchair,neutral
2271,240,prehistoric_early;tutankhamun;new_kingdom,royalty;discovery_archaeology;daily_life;war_weapons;ships_transport,solo,balanced,balanced,full,neutral
2272,300,prehistoric_early;late_greco_roman,religion_gods;gold_jewelry;royalty;daily_life,couple,relaxed,deep,wheelchair,avoid
2273,120,prehistoric_early;late_greco_roman,royalty;art_statues;animals,couple,relaxed,balanced,full,neutral
2274,120,middle_kingdom,mummies_afterlife;ships_transport,group,balanced,deep,full,neutral
2275,120,late_greco_roman,religion_gods;discovery_archaeology;royalty,student,balanced,balanced,full,neutral
2276,90,old_kingdom,ships_transport;art_statues;royalty,family_kids,balanced,balanced,avoid_stairs,avoid
2277,120,,art_statues;religion_gods,couple,relaxed,highlights,full,neutral
2278,300,late_greco_roman,architecture;art_statues,solo,fast,balanced,full,avoid
2279,90,late_greco_roman;prehistoric_early,royalty;war_weapons,solo,balanced,highlights,full,neutral
2280,120,tutankhamun,writing_literature;war_weapons;royalty;religion_gods,student,balanced,deep,full,neutral
2281,90,old_kingdom;late_greco_roman,architecture;animals;religion_gods;gold_jewelry,group,fast,balanced,full,neutral
2282,240,prehistoric_early,religion_gods;writing_literature,student,balanced,deep,wheelchair,avoid
2283,240,middle_kingdom,art_statues;war_weapons;discovery_archaeology,student,fast,highlights,full,neutral
2284,240,new_kingdom;late_greco_roman;tutankhamun,royalty;animals;ships_transport,couple,balanced,balanced,avoid_stairs,avoid
2285,120,tutankhamun;late_greco_roman;prehistoric_early,animals;gold_jewelry;royalty,solo,balanced,highlights,full,neutral
2286,60,middle_kingdom;old_kingdom,architecture;ships_transport;gold_jewelry,solo,fast,highlights,full,neutral
2287,120,middle_kingdom,art_statues;daily_life;architecture;gold_jewelry,couple,relaxed,deep,full,neutral
2288,120,new_kingdom,religion_gods;gold_jewelry,group,balanced,highlights,full,avoid
2289,90,new_kingdom,gold_jewelry;royalty;daily_life;art_statues;mummies_afterlife,group,fast,highlights,full,neutral
2290,180,,ships_transport;royalty;daily_life,solo,relaxed,deep,full,neutral
2291,240,prehistoric_early;tutankhamun;new_kingdom,war_weapons;writing_literature;ships_transport;animals;gold_jewelry,family_kids,balanced,highlights,full,neutral
2292,120,new_kingdom,gold_jewelry,solo,relaxed,highlights,full,neutral
2293,180,late_greco_roman;old_kingdom;new_kingdom,discovery_archaeology;writing_literature;architecture;animals,student,balanced,balanced,wheelchair,neutral
2294,90,prehistoric_early;middle_kingdom,war_weapons;art_statues;religion_gods;discovery_archaeology;ships_transport,student,relaxed,balanced,full,avoid
2295,120,new_kingdom,discovery_archaeology;gold_jewelry;religion_gods,group,relaxed,highlights,full,neutral
2296,90,tutankhamun,gold_jewelry;discovery_archaeology;daily_life;mummies_afterlife,solo,relaxed,highlights,full,neutral
2297,120,middle_kingdom;new_kingdom,ships_transport;writing_literature;animals,family_kids,relaxed,highlights,avoid_stairs,avoid
2298,180,old_kingdom;prehistoric_early,daily_life,couple,balanced,balanced,wheelchair,neutral
2299,120,middle_kingdom,architecture;discovery_archaeology;mummies_afterlife,group,fast,highlights,full,avoid
2300,60,new_kingdom;prehistoric_early,ships_transport;war_weapons;gold_jewelry;writing_literature;animals,family_kids,balanced,highlights,full,neutral
2301,180,,writing_literature,student,relaxed,deep,full,neutral
2302,120,old_kingdom,religion_gods;war_weapons,solo,balanced,highlights,full,neutral
2303,180,middle_kingdom;new_kingdom,daily_life;war_weapons;royalty,family_kids,fast,deep,avoid_stairs,avoid
2304,180,new_kingdom,art_statues;mummies_afterlife;war_weapons;royalty;writing_literature,couple,balanced,highlights,wheelchair,neutral
2305,120,prehistoric_early;tutankhamun,art_statues;religion_gods;war_weapons,solo,balanced,deep,full,neutral
2306,90,middle_kingdom,gold_jewelry;architecture;royalty;writing_literature;ships_transport,group,balanced,highlights,full,avoid
2307,180,prehistoric_early,art_statues;daily_life,couple,balanced,balanced,full,neutral
2308,120,tutankhamun;late_greco_roman;prehistoric_early,mummies_afterlife;gold_jewelry,group,balanced,balanced,full,neutral
2309,60,late_greco_roman,mummies_afterlife;daily_life;art_statues;discovery_archaeology,solo,balanced,highlights,full,avoid
2310,120,old_kingdom;middle_kingdom;tutankhamun,discovery_archaeology;writing_literature;daily_life;ships_transport;mummies_afterlife,solo,balanced,deep,full,neutral
2311,240,middle_kingdom,writing_literature;mummies_afterlife,group,balanced,balanced,full,neutral
2312,180,middle_kingdom;prehistoric_early,mummies_afterlife;war_weapons;writing_literature,solo,fast,balanced,full,neutral
2313,90,late_greco_roman,discovery_archaeology;writing_literature;royalty,student,balanced,balanced,wheelchair,avoid
2314,120,late_greco_roman;tutankhamun,discovery_archaeology;art_statues;writing_literature;architecture,solo,relaxed,deep,full,neutral
2315,90,old_kingdom;late_greco_roman,architecture;discovery_archaeology;war_weapons;animals;royalty,student,balanced,balanced,full,neutral
2316,120,old_kingdom;middle_kingdom;tutankhamun,gold_jewelry,solo,fast,deep,full,neutral
2317,240,,gold_jewelry;mummies_afterlife,group,relaxed,deep,full,avoid
2318,120,middle_kingdom;tutankhamun,animals;gold_jewelry;war_weapons;discovery_archaeology;mummies_afterlife,family_kids,balanced,balanced,full,neutral
2319,120,tutankhamun;middle_kingdom,ships_transport;writing_literature,solo,relaxed,balanced,full,avoid
2320,120,prehistoric_early,architecture;writing_literature,student,balanced,balanced,full,neutral
2321,180,new_kingdom,royalty;religion_gods,family_kids,balanced,highlights,full,avoid
2322,300,new_kingdom,art_statues;mummies_afterlife;daily_life,couple,balanced,highlights,full,neutral
2323,120,new_kingdom,art_statues;daily_life;gold_jewelry;mummies_afterlife;royalty,couple,relaxed,highlights,full,neutral
2324,90,prehistoric_early;tutankhamun,ships_transport;royalty;animals,group,fast,balanced,avoid_stairs,avoid
2325,180,tutankhamun;old_kingdom,mummies_afterlife,family_kids,balanced,balanced,full,neutral
2326,180,prehistoric_early;middle_kingdom;tutankhamun,architecture;royalty;animals,group,balanced,balanced,full,avoid
2327,120,middle_kingdom,art_statues;gold_jewelry;religion_gods,couple,relaxed,balanced,full,avoid
2328,120,late_greco_roman;new_kingdom,discovery_archaeology;gold_jewelry,solo,relaxed,balanced,full,neutral
2329,120,middle_kingdom,ships_transport;architecture;royalty;animals,family_kids,balanced,highlights,full,avoid
2330,300,middle_kingdom;new_kingdom,art_statues,couple,relaxed,highlights,wheelchair,neutral
2331,300,late_greco_roman,architecture;gold_jewelry;art_statues;religion_gods;royalty,group,relaxed,balanced,full,neutral
2332,120,tutankhamun;new_kingdom;prehistoric_early,war_weapons;gold_jewelry,family_kids,balanced,balanced,full,avoid
2333,180,middle_kingdom,animals;gold_jewelry,solo,balanced,highlights,wheelchair,avoid
2334,240,tutankhamun;old_kingdom,ships_transport;writing_literature;architecture;gold_jewelry;discovery_archaeology,group,balanced,highlights,full,avoid
2335,120,middle_kingdom;tutankhamun;late_greco_roman,daily_life;architecture;religion_gods;war_weapons;royalty,student,balanced,deep,full,avoid
2336,240,new_kingdom;late_greco_roman;old_kingdom,religion_gods;art_statues,family_kids,fast,balanced,full,avoid
2337,120,new_kingdom,discovery_archaeology;architecture;daily_life,student,fast,balanced,full,avoid
2338,120,tutankhamun;new_kingdom;late_greco_roman,art_statues;war_weapons,solo,balanced,highlights,full,neutral
2339,120,new_kingdom,ships_transport;royalty;architecture,solo,balanced,balanced,full,neutral
2340,300,old_kingdom;prehistoric_early;new_kingdom,royalty,group,fast,deep,full,neutral
2341,240,prehistoric_early;old_kingdom,gold_jewelry,couple,relaxed,highlights,wheelchair,neutral
2342,240,new_kingdom;late_greco_roman,religion_gods;architecture;daily_life;writing_literature;mummies_afterlife,solo,balanced,balanced,full,avoid
2343,60,old_kingdom;prehistoric_early,war_weapons;ships_transport,family_kids,relaxed,balanced,full,avoid
2344,180,,gold_jewelry;animals;royalty,couple,balanced,highlights,avoid_stairs,neutral
2345,300,new_kingdom,daily_life,family_kids,relaxed,balanced,full,avoid
2346,180,prehistoric_early;late_greco_roman;old_kingdom,art_statues;royalty;animals,couple,balanced,balanced,full,avoid
2347,90,,war_weapons;animals;daily_life;art_statues;discovery_archaeology,family_kids,fast,balanced,full,neutral
2348,120,late_greco_roman;tutankhamun;middle_kingdom,gold_jewelry;royalty;animals,family_kids,balanced,balanced,full,avoid
2349,90,,animals;royalty;art_statues;gold_jewelry;religion_gods,family_kids,balanced,balanced,full,neutral
2350,180,tutankhamun,architecture;daily_life;mummies_afterlife;discovery_archaeology;ships_transport,student,balanced,highlights,full,avoid
2351,120,tutankhamun;middle_kingdom,animals;writing_literature;royalty;war_weapons,solo,balanced,balanced,full,neutral
2352,120,old_kingdom;tutankhamun;prehistoric_early,royalty;discovery_archaeology;war_weapons,group,fast,balanced,full,neutral
2353,300,old_kingdom;new_kingdom,daily_life;writing_literature;royalty;art_statues,couple,fast,highlights,full,neutral
2354,90,old_kingdom;middle_kingdom;tutankhamun,ships_transport;religion_gods;mummies_afterlife;war_weapons,family_kids,relaxed,highlights,full,neutral
2355,120,new_kingdom;tutankhamun,architecture;gold_jewelry;mummies_afterlife,group,fast,balanced,full,neutral
2356,180,middle_kingdom,architecture;war_weapons,student,relaxed,deep,full,avoid
2357,240,old_kingdom;new_kingdom;prehistoric_early,animals;mummies_afterlife,group,balanced,highlights,full,neutral
2358,120,,mummies_afterlife;writing_literature;gold_jewelry;discovery_archaeology;war_weapons,student,fast,deep,full,neutral
2359,120,,daily_life;architecture;royalty;war_weapons,couple,relaxed,highlights,avoid_stairs,avoid
2360,120,late_greco_roman,gold_jewelry;discovery_archaeology;war_weapons;animals,family_kids,balanced,highlights,full,neutral
2361,240,middle_kingdom;old_kingdom,war_weapons;animals;art_statues,couple,relaxed,deep,full,avoid
2362,240,new_kingdom;middle_kingdom,gold_jewelry;art_statues;daily_life;religion_gods,couple,balanced,highlights,full,neutral
2363,240,prehistoric_early;late_greco_roman,mummies_afterlife;daily_life;animals,couple,balanced,balanced,full,neutral
2364,180,prehistoric_early;old_kingdom,war_weapons;royalty;art_statues;daily_life;gold_jewelry,couple,balanced,balanced,full,avoid
2365,180,new_kingdom,royalty;art_statues;gold_jewelry;ships_transport,couple,balanced,highlights,full,neutral
2366,120,,writing_literature;ships_transport;religion_gods,student,balanced,deep,full,avoid
2367,120,late_greco_roman;old_kingdom,gold_jewelry;ships_transport;war_weapons;discovery_archaeology;mummies_afterlife,family_kids,balanced,highlights,full,avoid
2368,240,tutankhamun;middle_kingdom;prehistoric_early,gold_jewelry;war_weapons;royalty;animals;discovery_archaeology,solo,balanced,balanced,full,neutral
2369,90,new_kingdom;middle_kingdom;old_kingdom,royalty,solo,balanced,deep,full,avoid
2370,180,prehistoric_early;middle_kingdom;tutankhamun,war_weapons;ships_transport;daily_life;art_statues,group,fast,balanced,full,neutral
2371,240,middle_kingdom;prehistoric_early;late_greco_roman,discovery_archaeology;ships_transport;writing_literature,student,fast,highlights,full,avoid
2372,240,late_greco_roman;prehistoric_early,gold_jewelry;animals;art_statues;war_weapons;religion_gods,family_kids,balanced,balanced,full,avoid
2373,240,new_kingdom;tutankhamun;old_kingdom,writing_literature;architecture;art_statues;gold_jewelry;animals,solo,balanced,highlights,full,avoid
2374,120,prehistoric_early,royalty;discovery_archaeology;art_statues,student,relaxed,balanced,full,neutral
2375,120,new_kingdom,mummies_afterlife;religion_gods;ships_transport;architecture,couple,balanced,highlights,full,neutral
2376,180,tutankhamun,royalty,group,relaxed,balanced,full,neutral
2377,90,,war_weapons;architecture;mummies_afterlife;daily_life,solo,balanced,highlights,full,neutral
2378,240,new_kingdom;late_greco_roman,animals,student,relaxed,highlights,full,neutral
2379,120,,mummies_afterlife;writing_literature;ships_transport,solo,balanced,balanced,full,neutral
2380,120,middle_kingdom,architecture,student,balanced,balanced,full,neutral
2381,120,late_greco_roman,discovery_archaeology;religion_gods,family_kids,relaxed,deep,full,neutral
2382,240,tutankhamun,mummies_afterlife;royalty;writing_literature,solo,balanced,balanced,full,neutral
2383,90,tutankhamun,mummies_afterlife;gold_jewelry;animals;daily_life,solo,relaxed,balanced,full,neutral
2384,90,tutankhamun,architecture;mummies_afterlife,group,fast,deep,full,neutral
2385,120,new_kingdom;middle_kingdom,gold_jewelry;ships_transport;religion_gods,couple,relaxed,balanced,full,avoid
2386,180,middle_kingdom,gold_jewelry;mummies_afterlife;animals;royalty,group,relaxed,balanced,full,neutral
2387,240,new_kingdom;late_greco_roman;old_kingdom,daily_life,solo,balanced,balanced,full,avoid
2388,180,,writing_literature;gold_jewelry;discovery_archaeology,student,relaxed,deep,wheelchair,neutral
2389,120,tutankhamun;middle_kingdom,gold_jewelry;daily_life;art_statues,couple,balanced,highlights,full,neutral
2390,120,old_kingdom;prehistoric_early;late_greco_roman,royalty;discovery_archaeology;ships_transport,group,relaxed,highlights,avoid_stairs,neutral
2391,180,middle_kingdom;late_greco_roman;tutankhamun,architecture;gold_jewelry,solo,balanced,balanced,full,neutral
2392,90,middle_kingdom;new_kingdom,religion_gods;animals;discovery_archaeology;daily_life;war_weapons,student,relaxed,deep,wheelchair,neutral
2393,90,new_kingdom,gold_jewelry;mummies_afterlife;daily_life;war_weapons,couple,relaxed,highlights,avoid_stairs,neutral
2394,180,old_kingdom;new_kingdom,mummies_afterlife;royalty;daily_life,couple,balanced,highlights,full,avoid
2395,180,late_greco_roman,religion_gods;ships_transport,solo,balanced,deep,full,neutral
2396,90,new_kingdom;late_greco_roman;old_kingdom,royalty,solo,fast,highlights,avoid_stairs,avoid
2397,120,new_kingdom;old_kingdom;tutankhamun,discovery_archaeology;daily_life;animals,solo,relaxed,highlights,full,neutral
2398,120,old_kingdom;prehistoric_early,mummies_afterlife;religion_gods;royalty;ships_transport;gold_jewelry,group,fast,deep,full,neutral
2399,180,tutankhamun;old_kingdom,discovery_archaeology;religion_gods;gold_jewelry;daily_life,couple,relaxed,balanced,full,neutral
2400,60,prehistoric_early;late_greco_roman,gold_jewelry,family_kids,relaxed,deep,full,avoid
2401,300,new_kingdom;tutankhamun,gold_jewelry;daily_life,solo,fast,highlights,full,neutral
2402,60,tutankhamun;middle_kingdom,royalty,family_kids,balanced,highlights,full,neutral
2403,180,middle_kingdom,architecture;daily_life;mummies_afterlife,couple,relaxed,highlights,full,avoid
2404,180,,writing_literature;gold_jewelry,solo,balanced,deep,full,avoid
2405,180,prehistoric_early;tutankhamun,war_weapons;royalty;animals;mummies_afterlife;gold_jewelry,solo,balanced,highlights,full,avoid
2406,120,late_greco_roman,ships_transport;gold_jewelry;royalty;war_weapons,family_kids,fast,balanced,avoid_stairs,neutral
2407,180,old_kingdom;prehistoric_early;late_greco_roman,mummies_afterlife;discovery_archaeology;architecture;war_weapons,group,relaxed,deep,full,avoid
2408,60,prehistoric_early,daily_life;art_statues;gold_jewelry;war_weapons,couple,balanced,balanced,full,neutral
2409,120,,gold_jewelry;art_statues;daily_life,solo,relaxed,balanced,full,avoid
2410,180,,animals;discovery_archaeology;gold_jewelry,family_kids,relaxed,deep,full,neutral
2411,120,,architecture,solo,balanced,balanced,full,neutral
2412,120,late_greco_roman,daily_life;royalty,group,balanced,balanced,full,neutral
2413,120,new_kingdom,animals;architecture;ships_transport;religion_gods,solo,balanced,balanced,wheelchair,neutral
2414,60,old_kingdom;prehistoric_early,royalty;gold_jewelry;daily_life;architecture;animals,group,relaxed,deep,full,neutral
2415,60,tutankhamun,religion_gods;architecture;discovery_archaeology,group,relaxed,deep,full,neutral
2416,60,tutankhamun,daily_life;war_weapons;gold_jewelry;mummies_afterlife,family_kids,fast,highlights,full,avoid
2417,60,old_kingdom,ships_transport;gold_jewelry;art_statues;discovery_archaeology;daily_life,couple,relaxed,highlights,full,neutral
2418,120,late_greco_roman;middle_kingdom,daily_life,family_kids,fast,balanced,avoid_stairs,avoid
2419,180,new_kingdom;late_greco_roman,art_statues,couple,balanced,deep,full,neutral
2420,60,prehistoric_early;middle_kingdom,animals;architecture;religion_gods;mummies_afterlife,solo,relaxed,balanced,wheelchair,avoid
2421,180,late_greco_roman;middle_kingdom,war_weapons;gold_jewelry;religion_gods;royalty;animals,family_kids,balanced,deep,full,avoid
2422,120,prehistoric_early,gold_jewelry;animals;daily_life;war_weapons;religion_gods,solo,balanced,highlights,full,neutral
2423,180,old_kingdom,writing_literature;gold_jewelry;discovery_archaeology,student,relaxed,balanced,full,neutral
2424,120,new_kingdom;tutankhamun,ships_transport;animals,family_kids,balanced,balanced,full,neutral
2425,180,late_greco_roman,writing_literature;discovery_archaeology;daily_life,solo,relaxed,balanced,full,neutral
2426,60,prehistoric_early;old_kingdom;tutankhamun,ships_transport;writing_literature,family_kids,fast,highlights,full,neutral
2427,90,late_greco_roman;old_kingdom;middle_kingdom,art_statues;animals;gold_jewelry;daily_life;mummies_afterlife,couple,balanced,balanced,full,neutral
2428,90,,gold_jewelry;royalty,group,balanced,deep,full,neutral
2429,60,new_kingdom;prehistoric_early,architecture;ships_transport;daily_life;war_weapons,solo,balanced,highlights,full,neutral
2430,120,old_kingdom,writing_literature;ships_transport;war_weapons,solo,relaxed,highlights,full,avoid
2431,120,prehistoric_early,writing_literature;royalty;mummies_afterlife,solo,fast,deep,full,avoid
2432,120,prehistoric_early;old_kingdom,architecture;royalty,student,balanced,balanced,full,neutral
2433,120,tutankhamun,royalty;religion_gods,couple,fast,balanced,wheelchair,neutral
2434,120,,daily_life;architecture;gold_jewelry,solo,balanced,highlights,full,avoid
2435,180,new_kingdom,gold_jewelry;mummies_afterlife;architecture;royalty,group,fast,balanced,wheelchair,avoid
2436,120,new_kingdom,royalty,couple,relaxed,deep,full,neutral
2437,240,prehistoric_early,ships_transport;animals;war_weapons;discovery_archaeology;mummies_afterlife,solo,relaxed,balanced,full,neutral
2438,60,old_kingdom;tutankhamun,architecture;gold_jewelry,group,balanced,highlights,full,avoid
2439,120,late_greco_roman,religion_gods;art_statues,student,relaxed,balanced,full,neutral
2440,60,middle_kingdom;new_kingdom;tutankhamun,architecture;writing_literature,student,balanced,highlights,full,avoid
2441,120,middle_kingdom,discovery_archaeology;gold_jewelry,couple,fast,balanced,full,neutral
2442,120,tutankhamun;new_kingdom,royalty,group,balanced,deep,avoid_stairs,neutral
2443,90,late_greco_roman,royalty;religion_gods;writing_literature,solo,balanced,balanced,full,avoid
2444,60,old_kingdom,war_weapons,family_kids,fast,deep,full,neutral
2445,180,late_greco_roman;prehistoric_early,animals;religion_gods;gold_jewelry;war_weapons;daily_life,couple,balanced,balanced,full,avoid
2446,120,prehistoric_early,architecture;religion_gods;animals;war_weapons;art_statues,solo,relaxed,highlights,wheelchair,neutral
2447,180,middle_kingdom;old_kingdom,ships_transport;mummies_afterlife,group,balanced,highlights,full,avoid
2448,180,tutankhamun,gold_jewelry;religion_gods,family_kids,balanced,balanced,wheelchair,neutral
2449,240,tutankhamun;late_greco_roman;new_kingdom,gold_jewelry;animals,couple,relaxed,balanced,full,neutral
2450,90,old_kingdom;late_greco_roman,mummies_afterlife;animals;gold_jewelry,group,fast,deep,full,avoid
2451,180,old_kingdom;middle_kingdom;tutankhamun,mummies_afterlife;war_weapons;religion_gods;writing_literature,solo,balanced,highlights,full,neutral
2452,120,prehistoric_early,animals;discovery_archaeology;royalty;gold_jewelry;mummies_afterlife,group,balanced,deep,full,neutral
2453,180,,discovery_archaeology;religion_gods;writing_literature,solo,balanced,balanced,full,avoid
2454,120,,architecture;mummies_afterlife;gold_jewelry;writing_literature,family_kids,balanced,highlights,full,neutral
2455,90,middle_kingdom;new_kingdom,architecture;daily_life;mummies_afterlife,solo,balanced,balanced,full,neutral
2456,60,middle_kingdom;old_kingdom,architecture,family_kids,fast,balanced,full,neutral
2457,120,middle_kingdom;late_greco_roman;prehistoric_early,discovery_archaeology;war_weapons;religion_gods,family_kids,balanced,balanced,full,neutral
2458,120,middle_kingdom;new_kingdom,writing_literature;animals;royalty,couple,fast,highlights,full,neutral
2459,180,old_kingdom;late_greco_roman,writing_literature;daily_life;gold_jewelry,solo,balanced,balanced,full,neutral
2460,120,middle_kingdom,animals;discovery_archaeology;gold_jewelry,student,relaxed,deep,full,neutral
2461,240,middle_kingdom;prehistoric_early,war_weapons;gold_jewelry;art_statues,student,balanced,highlights,full,neutral
2462,90,middle_kingdom;prehistoric_early,royalty;religion_gods;gold_jewelry;animals,couple,relaxed,balanced,full,neutral
2463,240,late_greco_roman;prehistoric_early,war_weapons;religion_gods;daily_life;writing_literature,solo,fast,highlights,full,neutral
2464,90,new_kingdom;prehistoric_early,discovery_archaeology;architecture;writing_literature,solo,relaxed,balanced,full,avoid
2465,120,middle_kingdom;tutankhamun,animals;gold_jewelry;war_weapons,solo,balanced,balanced,full,neutral
2466,180,new_kingdom,discovery_archaeology,solo,balanced,deep,full,avoid
2467,90,old_kingdom;prehistoric_early;new_kingdom,ships_transport;daily_life;animals,solo,relaxed,balanced,full,neutral
2468,180,old_kingdom,war_weapons;writing_literature;religion_gods;royalty,family_kids,relaxed,balanced,wheelchair,neutral
2469,120,old_kingdom,animals;mummies_afterlife;art_statues;royalty;war_weapons,solo,fast,balanced,full,neutral
2470,120,middle_kingdom;tutankhamun;new_kingdom,architecture;daily_life;ships_transport,student,balanced,highlights,wheelchair,neutral
2471,120,,animals,couple,balanced,highlights,full,avoid
2472,240,old_kingdom;tutankhamun,animals;mummies_afterlife;religion_gods,group,fast,highlights,full,avoid
2473,90,,mummies_afterlife;royalty;gold_jewelry,family_kids,relaxed,highlights,full,avoid
2474,120,prehistoric_early;old_kingdom,architecture,solo,balanced,highlights,full,avoid
2475,90,new_kingdom,war_weapons;architecture;animals,family_kids,balanced,highlights,full,neutral
2476,120,late_greco_roman,mummies_afterlife,couple,balanced,balanced,full,neutral
2477,120,middle_kingdom;old_kingdom,discovery_archaeology;animals;art_statues;religion_gods,family_kids,fast,balanced,wheelchair,neutral
2478,180,late_greco_roman,royalty;art_statues;war_weapons,couple,balanced,highlights,full,neutral
2479,90,late_greco_roman;old_kingdom;tutankhamun,mummies_afterlife,family_kids,relaxed,deep,wheelchair,neutral
2480,90,tutankhamun;middle_kingdom;late_greco_roman,religion_gods;war_weapons,solo,relaxed,highlights,full,neutral
2481,120,late_greco_roman;new_kingdom,daily_life;animals;architecture;ships_transport;mummies_afterlife,family_kids,relaxed,deep,avoid_stairs,neutral
2482,240,,animals;mummies_afterlife,couple,balanced,balanced,full,avoid
2483,60,,architecture;gold_jewelry;war_weapons;daily_life;ships_transport,family_kids,balanced,highlights,avoid_stairs,neutral
2484,240,,writing_literature;animals;daily_life;gold_jewelry,solo,balanced,deep,full,neutral
2485,120,prehistoric_early,mummies_afterlife;writing_literature;art_statues;discovery_archaeology;religion_gods,student,balanced,balanced,full,neutral
2486,300,prehistoric_early,animals;gold_jewelry;architecture;discovery_archaeology,group,balanced,highlights,full,neutral
2487,180,old_kingdom,royalty;gold_jewelry,solo,balanced,deep,full,neutral
2488,300,tutankhamun,ships_transport;royalty;gold_jewelry,solo,balanced,balanced,full,avoid
2489,120,prehistoric_early,ships_transport,family_kids,balanced,deep,full,neutral
2490,180,,war_weapons;art_statues;gold_jewelry;architecture,solo,relaxed,deep,full,neutral
2491,60,middle_kingdom,mummies_afterlife;royalty;art_statues,group,relaxed,highlights,full,avoid
2492,120,,war_weapons;gold_jewelry,solo,relaxed,balanced,full,avoid
2493,180,prehistoric_early,architecture;ships_transport;writing_literature;animals,family_kids,balanced,deep,full,neutral
2494,240,middle_kingdom;tutankhamun;late_greco_roman,mummies_afterlife;writing_literature;royalty,student,relaxed,deep,full,neutral
2495,180,,gold_jewelry;mummies_afterlife;art_statues,solo,fast,highlights,full,neutral
2496,120,prehistoric_early;tutankhamun,architecture;royalty,group,fast,highlights,full,avoid
2497,240,late_greco_roman,royalty;writing_literature,group,balanced,highlights,full,neutral
2498,180,prehistoric_early;new_kingdom,royalty;art_statues;war_weapons;daily_life;religion_gods,solo,balanced,balanced,full,neutral
2499,90,middle_kingdom,gold_jewelry;royalty;daily_life,couple,balanced,balanced,full,avoid
2500,240,prehistoric_early,royalty;war_weapons,group,relaxed,deep,avoid_stairs,neutral
2501,120,new_kingdom;prehistoric_early,discovery_archaeology;art_statues,group,fast,balanced,full,neutral
2502,120,prehistoric_early;old_kingdom,art_statues;discovery_archaeology;ships_transport,solo,balanced,deep,wheelchair,avoid
2503,180,new_kingdom;prehistoric_early;tutankhamun,gold_jewelry;art_statues;war_weapons;discovery_archaeology;ships_transport,family_kids,fast,deep,full,neutral
2504,120,tutankhamun;new_kingdom;prehistoric_early,animals;mummies_afterlife;discovery_archaeology,student,balanced,deep,full,avoid
2505,90,middle_kingdom;tutankhamun,mummies_afterlife,solo,balanced,deep,full,neutral
2506,90,prehistoric_early,writing_literature;royalty;daily_life,solo,relaxed,highlights,full,avoid
2507,120,old_kingdom;middle_kingdom,writing_literature;gold_jewelry;war_weapons;discovery_archaeology;religion_gods,solo,fast,balanced,wheelchair,neutral
2508,240,middle_kingdom;tutankhamun,animals;royalty;ships_transport,family_kids,fast,balanced,full,neutral
2509,90,late_greco_roman,discovery_archaeology;animals;writing_literature;religion_gods,student,relaxed,highlights,full,avoid
2510,90,old_kingdom,architecture;discovery_archaeology;royalty;religion_gods;gold_jewelry,group,balanced,deep,full,neutral
2511,240,,war_weapons;ships_transport;writing_literature,family_kids,balanced,balanced,full,avoid
2512,180,prehistoric_early,writing_literature;architecture;mummies_afterlife;discovery_archaeology;animals,solo,balanced,balanced,full,neutral
2513,60,middle_kingdom,architecture;war_weapons;writing_literature,solo,balanced,highlights,avoid_stairs,avoid
2514,120,tutankhamun,architecture;royalty;ships_transport;war_weapons;gold_jewelry,group,relaxed,balanced,full,neutral
2515,120,,animals;mummies_afterlife;ships_transport;architecture;daily_life,family_kids,balanced,balanced,full,neutral
2516,240,old_kingdom,writing_literature;mummies_afterlife;architecture;art_statues;war_weapons,family_kids,relaxed,highlights,full,neutral
2517,60,tutankhamun;middle_kingdom;old_kingdom,daily_life;religion_gods;architecture;animals,couple,relaxed,highlights,full,neutral
2518,240,old_kingdom;prehistoric_early,mummies_afterlife;royalty;gold_jewelry,group,relaxed,highlights,full,avoid
2519,60,old_kingdom;prehistoric_early;late_greco_roman,architecture;religion_gods;daily_life,solo,balanced,deep,full,avoid
2520,90,late_greco_roman;middle_kingdom,art_statues,family_kids,fast,highlights,full,neutral
2521,180,prehistoric_early,architecture;mummies_afterlife;daily_life;war_weapons;animals,student,balanced,highlights,full,avoid
2522,120,prehistoric_early,animals;ships_transport;mummies_afterlife;discovery_archaeology,solo,balanced,balanced,avoid_stairs,neutral
2523,120,,ships_transport,family_kids,balanced,deep,full,avoid
2524,180,tutankhamun;new_kingdom;middle_kingdom,art_statues;architecture;religion_gods;gold_jewelry;war_weapons,group,balanced,balanced,full,neutral
2525,60,,architecture;gold_jewelry;war_weapons;royalty,couple,balanced,balanced,full,neutral
2526,60,old_kingdom,war_weapons;royalty,solo,fast,balanced,full,avoid
2527,180,prehistoric_early,architecture;animals;gold_jewelry;art_statues;daily_life,group,fast,balanced,wheelchair,neutral
2528,120,new_kingdom;old_kingdom;late_greco_roman,art_statues;gold_jewelry;mummies_afterlife;royalty,group,balanced,balanced,full,avoid
2529,60,old_kingdom,mummies_afterlife;gold_jewelry;art_statues;ships_transport,couple,balanced,deep,wheelchair,avoid
2530,60,old_kingdom,gold_jewelry;architecture,group,fast,balanced,avoid_stairs,avoid
2531,120,middle_kingdom,war_weapons;ships_transport;gold_jewelry,family_kids,fast,highlights,full,avoid
2532,60,prehistoric_early,discovery_archaeology;gold_jewelry,couple,fast,highlights,wheelchair,avoid
2533,180,prehistoric_early,royalty;discovery_archaeology;gold_jewelry,group,relaxed,balanced,full,neutral
2534,240,middle_kingdom,writing_literature;gold_jewelry;war_weapons;architecture;art_statues,student,relaxed,balanced,full,avoid
2535,300,old_kingdom;tutankhamun,writing_literature;royalty;architecture,group,fast,balanced,full,neutral
2536,180,prehistoric_early,daily_life;religion_gods;writing_literature;gold_jewelry,student,balanced,highlights,wheelchair,neutral
2537,90,middle_kingdom,mummies_afterlife;war_weapons;architecture;writing_literature,group,balanced,balanced,full,avoid
2538,60,tutankhamun;middle_kingdom;old_kingdom,writing_literature,couple,balanced,deep,avoid_stairs,avoid
2539,90,tutankhamun;old_kingdom,daily_life;religion_gods;royalty;gold_jewelry,couple,relaxed,highlights,full,neutral
2540,120,late_greco_roman,gold_jewelry;animals;religion_gods,couple,relaxed,highlights,full,avoid
2541,60,middle_kingdom,gold_jewelry;animals,couple,balanced,deep,wheelchair,avoid
2542,180,old_kingdom,royalty;mummies_afterlife;writing_literature,group,relaxed,highlights,full,neutral
2543,120,new_kingdom;late_greco_roman,architecture;royalty,group,fast,balanced,full,neutral
2544,60,late_greco_roman;old_kingdom,daily_life,student,relaxed,highlights,full,neutral
2545,240,tutankhamun;middle_kingdom,writing_literature;gold_jewelry;war_weapons;religion_gods;daily_life,solo,balanced,balanced,full,neutral
2546,90,tutankhamun,gold_jewelry;ships_transport;royalty,couple,relaxed,balanced,full,neutral
2547,240,new_kingdom;middle_kingdom,daily_life;royalty;gold_jewelry,couple,balanced,highlights,full,neutral
2548,90,new_kingdom;old_kingdom,gold_jewelry;writing_literature,group,relaxed,highlights,full,avoid
2549,60,old_kingdom;late_greco_roman;new_kingdom,ships_transport;mummies_afterlife,group,relaxed,highlights,full,neutral
2550,60,middle_kingdom,royalty;daily_life,couple,balanced,balanced,full,neutral
2551,180,new_kingdom,daily_life;art_statues;religion_gods;royalty,couple,balanced,highlights,full,neutral
2552,300,,royalty;art_statues;war_weapons,solo,relaxed,highlights,full,avoid
2553,180,old_kingdom;late_greco_roman,religion_gods;royalty;war_weapons;architecture;gold_jewelry,solo,relaxed,deep,full,neutral
2554,300,new_kingdom,architecture;royalty;religion_gods,group,relaxed,balanced,full,neutral
2555,180,tutankhamun;middle_kingdom,art_statues;discovery_archaeology;ships_transport,family_kids,balanced,balanced,full,neutral
2556,240,new_kingdom;late_greco_roman;prehistoric_early,animals;ships_transport;war_weapons;gold_jewelry;royalty,solo,balanced,balanced,full,neutral
2557,60,,ships_transport;religion_gods;art_statues,solo,balanced,balanced,full,neutral
2558,60,old_kingdom;new_kingdom;tutankhamun,gold_jewelry;religion_gods;animals;ships_transport;architecture,group,relaxed,balanced,full,neutral
2559,120,prehistoric_early;new_kingdom;old_kingdom,art_statues;animals,solo,relaxed,balanced,full,neutral
2560,90,tutankhamun,mummies_afterlife;royalty;discovery_archaeology,group,fast,balanced,full,avoid
2561,90,new_kingdom,daily_life;art_statues;architecture,solo,relaxed,highlights,full,neutral
2562,180,old_kingdom,architecture;animals;war_weapons,family_kids,balanced,balanced,full,neutral
2563,240,,ships_transport;royalty;art_statues;war_weapons,couple,relaxed,balanced,avoid_stairs,avoid
2564,90,middle_kingdom,writing_literature;daily_life,student,balanced,balanced,full,avoid
2565,180,new_kingdom,architecture;animals,solo,balanced,balanced,full,neutral
2566,180,tutankhamun,royalty;daily_life;architecture;gold_jewelry;writing_literature,group,relaxed,balanced,full,avoid
2567,120,prehistoric_early;new_kingdom;tutankhamun,discovery_archaeology;war_weapons,student,relaxed,balanced,full,avoid
2568,60,new_kingdom;tutankhamun,art_statues;ships_transport;discovery_archaeology;war_weapons,family_kids,balanced,highlights,full,avoid
2569,60,tutankhamun;prehistoric_early;late_greco_roman,gold_jewelry;mummies_afterlife;writing_literature,couple,relaxed,highlights,full,neutral
2570,90,new_kingdom;old_kingdom,animals;war_weapons;discovery_archaeology;daily_life;art_statues,family_kids,relaxed,highlights,full,neutral
2571,90,middle_kingdom,architecture;daily_life;gold_jewelry;writing_literature,family_kids,balanced,highlights,full,neutral
2572,120,late_greco_roman,daily_life;architecture;discovery_archaeology,student,relaxed,deep,full,neutral
2573,120,late_greco_roman,religion_gods;ships_transport,group,relaxed,highlights,avoid_stairs,avoid
2574,240,old_kingdom,writing_literature;architecture;ships_transport,student,fast,balanced,full,neutral
2575,120,old_kingdom,daily_life;ships_transport;war_weapons;art_statues,couple,fast,highlights,wheelchair,neutral
2576,120,old_kingdom;new_kingdom,gold_jewelry;daily_life;art_statues,solo,balanced,balanced,wheelchair,neutral
2577,120,old_kingdom;prehistoric_early,art_statues;war_weapons;ships_transport,solo,fast,balanced,full,avoid
2578,90,new_kingdom;middle_kingdom,writing_literature;gold_jewelry;royalty,student,balanced,balanced,full,neutral
2579,90,,art_statues;religion_gods;architecture;ships_transport;war_weapons,solo,balanced,balanced,full,neutral
2580,90,,animals;discovery_archaeology,solo,balanced,balanced,avoid_stairs,neutral
2581,180,tutankhamun;new_kingdom,art_statues;gold_jewelry;war_weapons;royalty;animals,family_kids,fast,balanced,full,neutral
2582,180,late_greco_roman;old_kingdom;tutankhamun,gold_jewelry;ships_transport,family_kids,balanced,balanced,full,neutral
2583,120,late_greco_roman;tutankhamun;prehistoric_early,ships_transport,group,balanced,highlights,full,neutral
2584,180,middle_kingdom,discovery_archaeology;daily_life,solo,balanced,balanced,full,neutral
2585,120,,daily_life;religion_gods;mummies_afterlife;art_statues;war_weapons,solo,relaxed,balanced,full,avoid
2586,120,new_kingdom;tutankhamun;late_greco_roman,war_weapons;royalty;mummies_afterlife,solo,balanced,balanced,full,avoid
2587,180,old_kingdom,animals;royalty;discovery_archaeology,solo,relaxed,balanced,full,avoid
2588,60,,gold_jewelry;religion_gods;daily_life,solo,balanced,highlights,full,neutral
2589,120,new_kingdom;prehistoric_early,writing_literature;war_weapons;royalty;mummies_afterlife;architecture,group,fast,highlights,full,neutral
2590,120,old_kingdom;new_kingdom,war_weapons;architecture;daily_life,family_kids,balanced,balanced,full,avoid
2591,60,old_kingdom;prehistoric_early;middle_kingdom,ships_transport;gold_jewelry;animals;architecture;religion_gods,couple,balanced,deep,full,avoid
2592,120,middle_kingdom,discovery_archaeology;writing_literature;ships_transport,solo,balanced,highlights,full,avoid
2593,120,middle_kingdom,architecture;writing_literature;discovery_archaeology,student,relaxed,highlights,full,neutral
2594,60,middle_kingdom;tutankhamun,royalty;mummies_afterlife;architecture,group,fast,balanced,full,neutral
2595,180,tutankhamun;new_kingdom;late_greco_roman,writing_literature,group,relaxed,highlights,full,neutral
2596,90,late_greco_roman;tutankhamun,animals;discovery_archaeology;architecture;religion_gods,student,fast,deep,full,neutral
2597,180,old_kingdom,ships_transport;gold_jewelry,family_kids,relaxed,balanced,full,neutral
2598,120,late_greco_roman;tutankhamun;middle_kingdom,animals;mummies_afterlife;art_statues;war_weapons;royalty,solo,balanced,balanced,full,neutral
2599,120,prehistoric_early;tutankhamun;late_greco_roman,discovery_archaeology;writing_literature;religion_gods,student,fast,highlights,full,avoid
2600,240,late_greco_roman;new_kingdom;old_kingdom,art_statues;gold_jewelry,solo,fast,highlights,full,neutral
2601,180,late_greco_roman,writing_literature;animals;daily_life,student,relaxed,balanced,wheelchair,avoid
2602,120,new_kingdom;prehistoric_early;middle_kingdom,daily_life;royalty;ships_transport;art_statues;religion_gods,solo,fast,highlights,full,neutral
2603,90,middle_kingdom;prehistoric_early,war_weapons;animals;writing_literature,couple,relaxed,balanced,full,neutral
2604,180,,gold_jewelry;writing_literature;royalty;mummies_afterlife;ships_transport,family_kids,balanced,deep,full,avoid
2605,300,tutankhamun,daily_life;religion_gods;gold_jewelry,solo,relaxed,balanced,avoid_stairs,avoid
2606,120,late_greco_roman;old_kingdom,writing_literature;daily_life;ships_transport,solo,balanced,balanced,full,neutral
2607,90,new_kingdom,royalty;architecture;mummies_afterlife,group,relaxed,balanced,full,avoid
2608,180,prehistoric_early,ships_transport;daily_life;art_statues,solo,relaxed,balanced,avoid_stairs,neutral
2609,120,middle_kingdom,art_statues;gold_jewelry,group,fast,highlights,full,neutral
2610,90,prehistoric_early,royalty,solo,relaxed,balanced,wheelchair,avoid
2611,120,prehistoric_early,religion_gods;mummies_afterlife;writing_literature;gold_jewelry,solo,balanced,highlights,full,avoid
2612,120,new_kingdom,art_statues;gold_jewelry;animals,family_kids,relaxed,highlights,avoid_stairs,avoid
2613,90,late_greco_roman,daily_life;religion_gods;architecture;royalty,group,relaxed,balanced,full,neutral
2614,300,old_kingdom,ships_transport;gold_jewelry,couple,balanced,balanced,full,avoid
2615,90,,gold_jewelry;war_weapons;daily_life;royalty;mummies_afterlife,couple,fast,highlights,full,neutral
2616,120,,architecture;gold_jewelry;mummies_afterlife;royalty;discovery_archaeology,group,balanced,balanced,full,neutral
2617,180,tutankhamun;late_greco_roman;old_kingdom,religion_gods;writing_literature,solo,relaxed,balanced,full,avoid
2618,180,tutankhamun;new_kingdom,daily_life;gold_jewelry,solo,fast,highlights,full,neutral
2619,90,late_greco_roman,writing_literature;art_statues,solo,fast,balanced,full,neutral
2620,60,tutankhamun;old_kingdom;prehistoric_early,discovery_archaeology;religion_gods;war_weapons;ships_transport,solo,relaxed,highlights,avoid_stairs,neutral
2621,180,late_greco_roman,discovery_archaeology;mummies_afterlife;religion_gods;gold_jewelry;daily_life,student,relaxed,highlights,full,neutral
2622,240,old_kingdom;tutankhamun;middle_kingdom,daily_life;architecture,couple,fast,highlights,full,avoid
2623,60,new_kingdom,gold_jewelry;architecture;royalty,group,balanced,highlights,full,neutral
2624,120,tutankhamun,art_statues;writing_literature,solo,balanced,highlights,full,neutral
2625,300,,discovery_archaeology;art_statues;royalty;animals,solo,relaxed,highlights,wheelchair,neutral
2626,240,,mummies_afterlife;architecture;royalty,group,balanced,highlights,full,avoid
2627,120,middle_kingdom,mummies_afterlife;gold_jewelry;ships_transport,family_kids,balanced,deep,full,neutral
2628,240,late_greco_roman,discovery_archaeology;mummies_afterlife;war_weapons;writing_literature,student,fast,balanced,full,avoid
2629,240,late_greco_roman;tutankhamun;new_kingdom,art_statues;mummies_afterlife,solo,balanced,highlights,wheelchair,avoid
2630,60,middle_kingdom;tutankhamun,animals;discovery_archaeology;daily_life,student,relaxed,deep,full,neutral
2631,180,middle_kingdom,gold_jewelry;war_weapons;ships_transport,family_kids,relaxed,highlights,full,avoid
2632,60,old_kingdom;middle_kingdom,ships_transport;writing_literature,group,balanced,balanced,full,neutral
2633,240,,royalty;war_weapons,family_kids,balanced,balanced,full,avoid
2634,240,middle_kingdom,art_statues;ships_transport;daily_life;architecture;gold_jewelry,family_kids,balanced,balanced,full,neutral
2635,180,tutankhamun,war_weapons;art_statues;gold_jewelry,solo,relaxed,balanced,full,neutral
2636,120,new_kingdom;old_kingdom;prehistoric_early,architecture;mummies_afterlife,group,fast,deep,full,neutral
2637,90,old_kingdom;new_kingdom,architecture;discovery_archaeology;royalty;mummies_afterlife;war_weapons,solo,balanced,balanced,full,avoid
2638,180,new_kingdom;prehistoric_early,ships_transport;architecture,couple,balanced,balanced,full,neutral
2639,240,old_kingdom;late_greco_roman,religion_gods;daily_life;royalty,solo,balanced,highlights,full,neutral
2640,60,middle_kingdom,daily_life;gold_jewelry,group,fast,balanced,full,avoid
2641,300,,ships_transport;animals;daily_life;mummies_afterlife;architecture,family_kids,fast,deep,full,neutral
2642,180,late_greco_roman;new_kingdom,discovery_archaeology;writing_literature,group,relaxed,highlights,full,avoid
2643,300,,royalty;gold_jewelry;war_weapons,couple,balanced,balanced,full,neutral
2644,180,,ships_transport,solo,balanced,balanced,full,neutral
2645,240,new_kingdom,architecture;ships_transport,student,relaxed,highlights,full,neutral
2646,90,middle_kingdom;prehistoric_early;tutankhamun,royalty;daily_life;writing_literature,solo,balanced,balanced,full,avoid
2647,180,late_greco_roman,gold_jewelry;writing_literature;mummies_afterlife;royalty,solo,relaxed,deep,full,neutral
2648,240,prehistoric_early,war_weapons;animals;discovery_archaeology,family_kids,balanced,highlights,full,neutral
2649,180,prehistoric_early,royalty,group,relaxed,highlights,full,neutral
2650,90,new_kingdom,art_statues;animals,family_kids,balanced,balanced,full,neutral
2651,90,tutankhamun,ships_transport;gold_jewelry;art_statues,family_kids,balanced,balanced,full,avoid
2652,60,old_kingdom,animals;religion_gods,group,fast,balanced,full,neutral
2653,60,prehistoric_early;middle_kingdom,royalty;mummies_afterlife;architecture,group,balanced,balanced,full,neutral
2654,90,late_greco_roman,mummies_afterlife;animals;royalty,group,fast,highlights,full,avoid
2655,120,new_kingdom,writing_literature;religion_gods;gold_jewelry,family_kids,relaxed,deep,full,avoid
2656,180,tutankhamun,royalty;war_weapons;daily_life;animals,solo,balanced,deep,full,avoid
2657,300,late_greco_roman;middle_kingdom,ships_transport;art_statues,solo,fast,deep,full,neutral
2658,180,,religion_gods;daily_life;writing_literature;architecture,student,balanced,balanced,full,avoid
2659,60,old_kingdom,art_statues;daily_life;architecture,couple,relaxed,highlights,full,neutral
2660,60,tutankhamun,writing_literature;royalty,couple,fast,deep,full,neutral
2661,120,middle_kingdom,war_weapons;animals;art_statues,solo,balanced,deep,full,neutral
2662,120,tutankhamun,daily_life;gold_jewelry;animals;discovery_archaeology;ships_transport,couple,relaxed,balanced,full,neutral
2663,180,late_greco_roman,royalty;animals;gold_jewelry,group,relaxed,balanced,full,neutral
2664,120,tutankhamun,religion_gods,family_kids,balanced,highlights,wheelchair,avoid
2665,300,late_greco_roman;tutankhamun;prehistoric_early,discovery_archaeology;mummies_afterlife,couple,balanced,highlights,full,avoid
2666,90,tutankhamun;new_kingdom;old_kingdom,mummies_afterlife;ships_transport;daily_life;writing_literature;art_statues,solo,fast,highlights,full,neutral
2667,180,tutankhamun,war_weapons;gold_jewelry;discovery_archaeology;royalty;ships_transport,family_kids,balanced,balanced,full,neutral
2668,60,new_kingdom,daily_life;mummies_afterlife;art_statues,solo,relaxed,balanced,full,neutral
2669,180,tutankhamun;old_kingdom,art_statues,couple,balanced,balanced,wheelchair,avoid
2670,90,middle_kingdom;late_greco_roman;tutankhamun,ships_transport;animals;art_statues;royalty,solo,fast,balanced,full,neutral
2671,180,middle_kingdom,ships_transport;gold_jewelry,couple,balanced,balanced,full,avoid
2672,60,new_kingdom,daily_life;mummies_afterlife;discovery_archaeology;gold_jewelry,group,relaxed,balanced,full,avoid
2673,120,late_greco_roman;new_kingdom,mummies_afterlife;art_statues;writing_literature,couple,fast,highlights,full,neutral
2674,90,prehistoric_early;old_kingdom,war_weapons;gold_jewelry,group,fast,balanced,full,neutral
2675,240,,mummies_afterlife;architecture;royalty;ships_transport,group,fast,balanced,full,neutral
2676,180,middle_kingdom,mummies_afterlife,solo,balanced,deep,wheelchair,avoid
2677,240,,discovery_archaeology;architecture;mummies_afterlife;animals,group,balanced,deep,full,neutral
2678,90,late_greco_roman;middle_kingdom,writing_literature;royalty;animals,solo,balanced,highlights,full,neutral
2679,120,,art_statues;discovery_archaeology,solo,balanced,highlights,full,neutral
2680,180,tutankhamun,daily_life;animals,family_kids,balanced,balanced,avoid_stairs,neutral
2681,120,,architecture;war_weapons;gold_jewelry,student,balanced,highlights,full,neutral
2682,60,new_kingdom;tutankhamun,writing_literature;ships_transport;gold_jewelry;religion_gods;animals,family_kids,balanced,deep,full,avoid
2683,180,new_kingdom;prehistoric_early;tutankhamun,daily_life,family_kids,balanced,deep,full,neutral
2684,180,prehistoric_early,art_statues;ships_transport;architecture;animals,family_kids,balanced,highlights,full,neutral
2685,180,new_kingdom;late_greco_roman;old_kingdom,animals;royalty;ships_transport,family_kids,relaxed,balanced,full,avoid
2686,60,middle_kingdom,gold_jewelry;mummies_afterlife;ships_transport,group,relaxed,deep,full,avoid
2687,180,late_greco_roman,architecture;royalty;discovery_archaeology;war_weapons,group,balanced,highlights,full,avoid
2688,180,new_kingdom,gold_jewelry;daily_life;architecture;discovery_archaeology;war_weapons,solo,relaxed,balanced,full,avoid
2689,180,tutankhamun;middle_kingdom;old_kingdom,war_weapons;ships_transport;animals;gold_jewelry,family_kids,relaxed,deep,wheelchair,neutral
2690,240,late_greco_roman;tutankhamun,daily_life;royalty;discovery_archaeology;ships_transport;animals,solo,balanced,deep,wheelchair,neutral
2691,90,new_kingdom;late_greco_roman,royalty;war_weapons;daily_life,solo,relaxed,balanced,full,avoid
2692,180,prehistoric_early,art_statues;architecture;religion_gods;animals,student,relaxed,highlights,full,avoid
2693,60,new_kingdom,ships_transport;art_statues;discovery_archaeology,solo,fast,deep,full,avoid
2694,90,new_kingdom,gold_jewelry;royalty;discovery_archaeology;daily_life,couple,balanced,highlights,full,neutral
2695,60,new_kingdom;late_greco_roman,religion_gods;animals,solo,balanced,highlights,full,avoid
2696,120,prehistoric_early;middle_kingdom;late_greco_roman,royalty,couple,relaxed,highlights,full,avoid
2697,120,late_greco_roman;tutankhamun,gold_jewelry;writing_literature;royalty,group,fast,deep,full,avoid
2698,180,new_kingdom;tutankhamun,gold_jewelry;writing_literature,solo,balanced,deep,full,neutral
2699,60,prehistoric_early,gold_jewelry;religion_gods;discovery_archaeology;art_statues,couple,balanced,deep,full,neutral
2700,120,old_kingdom;late_greco_roman,discovery_archaeology;daily_life;royalty;mummies_afterlife,group,relaxed,balanced,full,neutral
2701,180,late_greco_roman;prehistoric_early;middle_kingdom,writing_literature;religion_gods;animals,solo,balanced,deep,full,neutral
2702,120,late_greco_roman;middle_kingdom,architecture;discovery_archaeology,solo,balanced,balanced,full,neutral
2703,90,late_greco_roman;old_kingdom,gold_jewelry;royalty;daily_life,solo,balanced,highlights,full,neutral
2704,300,late_greco_roman,daily_life;ships_transport;gold_jewelry;war_weapons;art_statues,family_kids,relaxed,balanced,full,avoid
2705,180,late_greco_roman;new_kingdom;tutankhamun,animals;religion_gods;writing_literature;discovery_archaeology;ships_transport,student,balanced,balanced,avoid_stairs,neutral
2706,120,tutankhamun,daily_life;gold_jewelry;discovery_archaeology;royalty,couple,relaxed,balanced,full,neutral
2707,120,new_kingdom,art_statues;gold_jewelry,student,relaxed,highlights,full,neutral
2708,180,late_greco_roman,writing_literature;war_weapons;art_statues,couple,relaxed,highlights,wheelchair,avoid
2709,120,prehistoric_early;late_greco_roman,ships_transport,group,relaxed,balanced,full,neutral
2710,120,old_kingdom;prehistoric_early;late_greco_roman,animals;religion_gods;daily_life;writing_literature;architecture,student,balanced,highlights,full,avoid
2711,120,late_greco_roman;middle_kingdom,gold_jewelry;discovery_archaeology;religion_gods;royalty;writing_literature,group,relaxed,deep,full,avoid
2712,60,middle_kingdom;late_greco_roman,mummies_afterlife;ships_transport;architecture;religion_gods;gold_jewelry,group,balanced,balanced,full,neutral
2713,240,late_greco_roman,gold_jewelry,solo,relaxed,balanced,full,avoid
2714,240,old_kingdom,daily_life,couple,relaxed,balanced,full,neutral
2715,240,,mummies_afterlife,couple,balanced,highlights,full,avoid
2716,180,old_kingdom;late_greco_roman;new_kingdom,mummies_afterlife;discovery_archaeology;writing_literature,student,balanced,deep,full,neutral
2717,120,old_kingdom,gold_jewelry;writing_literature;daily_life;ships_transport,solo,fast,highlights,full,avoid
2718,60,tutankhamun;new_kingdom;late_greco_roman,mummies_afterlife;war_weapons;ships_transport,couple,relaxed,deep,avoid_stairs,neutral
2719,90,new_kingdom,religion_gods;ships_transport,solo,relaxed,balanced,full,neutral
2720,90,late_greco_roman,gold_jewelry;mummies_afterlife,group,fast,highlights,full,neutral
2721,180,,art_statues;ships_transport;gold_jewelry,family_kids,fast,balanced,full,avoid
2722,90,late_greco_roman;prehistoric_early,royalty;animals;religion_gods;mummies_afterlife;war_weapons,family_kids,balanced,deep,full,neutral
2723,120,,royalty;discovery_archaeology;ships_transport,family_kids,balanced,highlights,full,avoid
2724,300,prehistoric_early,religion_gods;animals;discovery_archaeology,family_kids,balanced,highlights,full,neutral
2725,240,late_greco_roman,discovery_archaeology;writing_literature;war_weapons;ships_transport;architecture,student,balanced,highlights,full,avoid
2726,180,old_kingdom;late_greco_roman,architecture;mummies_afterlife;war_weapons;ships_transport,group,balanced,highlights,full,neutral
2727,180,prehistoric_early,gold_jewelry;daily_life,group,fast,balanced,full,neutral
2728,90,new_kingdom,royalty;daily_life,couple,fast,balanced,full,neutral
2729,240,new_kingdom,ships_transport;architecture;war_weapons;gold_jewelry;animals,family_kids,balanced,deep,full,avoid
2730,90,old_kingdom,ships_transport,solo,balanced,highlights,full,neutral
2731,120,old_kingdom;middle_kingdom,architecture;mummies_afterlife;royalty,group,balanced,highlights,full,avoid
2732,180,tutankhamun,animals,family_kids,balanced,deep,full,avoid
2733,60,middle_kingdom;prehistoric_early,ships_transport;discovery_archaeology;royalty;religion_gods;art_statues,solo,balanced,deep,full,neutral
2734,180,middle_kingdom;old_kingdom;new_kingdom,ships_transport;mummies_afterlife,solo,balanced,balanced,full,neutral
2735,120,tutankhamun;new_kingdom,war_weapons;animals;architecture,solo,balanced,highlights,full,neutral
2736,90,tutankhamun,religion_gods;daily_life;architecture;art_statues;discovery_archaeology,student,balanced,balanced,full,neutral
2737,120,new_kingdom,ships_transport;gold_jewelry;daily_life,family_kids,relaxed,balanced,full,avoid
2738,90,late_greco_roman;new_kingdom;middle_kingdom,gold_jewelry;ships_transport;daily_life;animals;war_weapons,family_kids,fast,highlights,full,neutral
2739,180,prehistoric_early,animals;ships_transport;art_statues;war_weapons;royalty,family_kids,fast,highlights,full,avoid
2740,60,late_greco_roman,animals;royalty;daily_life;art_statues,family_kids,balanced,balanced,full,neutral
2741,120,late_greco_roman;new_kingdom;prehistoric_early,writing_literature;ships_transport,couple,relaxed,balanced,full,neutral
2742,120,,art_statues;daily_life;writing_literature,couple,balanced,balanced,full,neutral
2743,180,new_kingdom;late_greco_roman,war_weapons;religion_gods;mummies_afterlife;animals;writing_literature,family_kids,fast,balanced,full,avoid
2744,120,prehistoric_early;middle_kingdom;late_greco_roman,daily_life;mummies_afterlife,family_kids,fast,balanced,full,avoid
2745,90,,royalty;war_weapons;ships_transport,family_kids,relaxed,balanced,full,neutral
2746,300,middle_kingdom;late_greco_roman,art_statues;royalty,solo,balanced,balanced,full,avoid
2747,180,middle_kingdom;new_kingdom,gold_jewelry;ships_transport;daily_life,family_kids,balanced,highlights,full,neutral
2748,180,,gold_jewelry;architecture;mummies_afterlife;discovery_archaeology,solo,fast,highlights,avoid_stairs,neutral
2749,90,,writing_literature;daily_life;ships_transport;war_weapons,solo,balanced,highlights,full,avoid
2750,90,late_greco_roman;old_kingdom;new_kingdom,ships_transport;architecture;discovery_archaeology;mummies_afterlife;gold_jewelry,family_kids,relaxed,balanced,full,avoid
2751,180,late_greco_roman,animals;writing_literature,student,balanced,highlights,full,neutral
2752,240,new_kingdom;middle_kingdom,architecture;art_statues;gold_jewelry;writing_literature;daily_life,group,balanced,balanced,full,neutral
2753,240,prehistoric_early,gold_jewelry,solo,balanced,balanced,full,avoid
2754,120,prehistoric_early;old_kingdom,animals,student,balanced,highlights,full,neutral
2755,120,tutankhamun;new_kingdom,art_statues;gold_jewelry,family_kids,fast,highlights,full,avoid
2756,240,old_kingdom;prehistoric_early,royalty;mummies_afterlife;discovery_archaeology;daily_life,couple,relaxed,balanced,full,neutral
2757,90,late_greco_roman;tutankhamun,writing_literature;architecture;gold_jewelry;religion_gods,solo,relaxed,highlights,full,neutral
2758,90,prehistoric_early;middle_kingdom,gold_jewelry;writing_literature;religion_gods,couple,fast,highlights,full,avoid
2759,60,tutankhamun,war_weapons;daily_life;animals;ships_transport;writing_literature,family_kids,relaxed,highlights,full,avoid
2760,60,prehistoric_early;old_kingdom,writing_literature;war_weapons,family_kids,balanced,highlights,full,neutral
2761,180,late_greco_roman,art_statues;ships_transport,solo,fast,balanced,wheelchair,neutral
2762,90,old_kingdom;tutankhamun,daily_life;mummies_afterlife;royalty;writing_literature;gold_jewelry,group,balanced,balanced,avoid_stairs,neutral
2763,120,late_greco_roman;tutankhamun,war_weapons;animals;ships_transport;gold_jewelry,family_kids,balanced,highlights,full,avoid
2764,180,prehistoric_early;new_kingdom;old_kingdom,royalty;writing_literature;mummies_afterlife,couple,balanced,deep,full,neutral
2765,180,prehistoric_early;tutankhamun,architecture;royalty;mummies_afterlife;religion_gods,group,balanced,balanced,full,avoid
2766,120,tutankhamun;middle_kingdom;late_greco_roman,royalty;architecture,solo,relaxed,balanced,avoid_stairs,neutral
2767,90,tutankhamun;late_greco_roman,art_statues;writing_literature,couple,relaxed,highlights,full,neutral
2768,60,middle_kingdom,mummies_afterlife;ships_transport;royalty,couple,balanced,deep,full,avoid
2769,120,new_kingdom,architecture;discovery_archaeology;writing_literature,student,fast,highlights,full,neutral
2770,90,late_greco_roman;tutankhamun;new_kingdom,gold_jewelry;animals;mummies_afterlife;royalty;architecture,group,balanced,deep,full,neutral
2771,180,tutankhamun;middle_kingdom,religion_gods;discovery_archaeology;writing_literature;mummies_afterlife,student,fast,balanced,full,avoid
2772,180,old_kingdom,gold_jewelry;writing_literature,family_kids,balanced,highlights,full,neutral
2773,90,tutankhamun,gold_jewelry;daily_life;art_statues,couple,balanced,balanced,full,avoid
2774,180,late_greco_roman;middle_kingdom,royalty;writing_literature,couple,balanced,balanced,full,avoid
2775,180,tutankhamun;middle_kingdom,discovery_archaeology;religion_gods,family_kids,relaxed,balanced,full,avoid
2776,180,tutankhamun,art_statues;war_weapons,group,balanced,balanced,full,neutral
2777,90,old_kingdom,discovery_archaeology;writing_literature;religion_gods,couple,fast,balanced,full,neutral
2778,120,,discovery_archaeology;art_statues;mummies_afterlife,family_kids,fast,balanced,full,neutral
2779,180,tutankhamun,daily_life;animals,solo,relaxed,balanced,full,avoid
2780,120,new_kingdom;tutankhamun,art_statues;gold_jewelry;ships_transport;animals;discovery_archaeology,solo,relaxed,balanced,avoid_stairs,avoid
2781,180,new_kingdom;late_greco_roman,gold_jewelry;writing_literature,family_kids,balanced,highlights,full,avoid
2782,90,old_kingdom;tutankhamun;late_greco_roman,war_weapons;animals;gold_jewelry,family_kids,fast,deep,full,neutral
2783,180,new_kingdom,ships_transport;writing_literature;architecture,student,balanced,balanced,full,avoid
2784,120,new_kingdom,gold_jewelry;animals,family_kids,balanced,balanced,full,neutral
2785,120,new_kingdom,daily_life;art_statues;mummies_afterlife;royalty,couple,balanced,highlights,full,avoid
2786,90,tutankhamun,religion_gods;royalty;animals,group,balanced,balanced,avoid_stairs,neutral
2787,180,late_greco_roman;tutankhamun,war_weapons,solo,balanced,balanced,wheelchair,avoid
2788,60,prehistoric_early,mummies_afterlife;gold_jewelry,group,balanced,balanced,full,neutral
2789,240,new_kingdom;middle_kingdom;prehistoric_early,architecture;animals;ships_transport,group,relaxed,deep,full,avoid
2790,120,new_kingdom,mummies_afterlife;discovery_archaeology;daily_life;religion_gods,couple,fast,balanced,full,neutral
2791,120,,royalty;writing_literature;art_statues;war_weapons,family_kids,relaxed,balanced,full,avoid
2792,120,middle_kingdom,discovery_archaeology;war_weapons;gold_jewelry,family_kids,balanced,deep,full,neutral
2793,120,prehistoric_early;tutankhamun;old_kingdom,daily_life;discovery_archaeology,solo,relaxed,balanced,full,neutral
2794,180,prehistoric_early;middle_kingdom,royalty;art_statues,solo,fast,balanced,full,avoid
2795,60,late_greco_roman,gold_jewelry;animals;daily_life;mummies_afterlife,couple,relaxed,balanced,full,avoid
2796,180,old_kingdom,war_weapons;discovery_archaeology;gold_jewelry;animals,family_kids,fast,deep,full,avoid
2797,60,prehistoric_early,royalty;mummies_afterlife;daily_life,couple,relaxed,highlights,full,neutral
2798,120,late_greco_roman,royalty;religion_gods;architecture;gold_jewelry;daily_life,group,relaxed,highlights,full,neutral
2799,120,prehistoric_early,animals;daily_life;ships_transport;writing_literature;gold_jewelry,solo,fast,deep,avoid_stairs,neutral
2800,120,old_kingdom;tutankhamun,religion_gods;war_weapons;art_statues;gold_jewelry;animals,family_kids,relaxed,balanced,full,avoid
2801,120,old_kingdom,mummies_afterlife;discovery_archaeology,solo,relaxed,highlights,full,neutral
2802,60,old_kingdom,art_statues,couple,balanced,balanced,full,avoid
2803,60,tutankhamun;middle_kingdom,religion_gods;mummies_afterlife;gold_jewelry,solo,balanced,deep,full,neutral
2804,60,late_greco_roman;middle_kingdom;prehistoric_early,writing_literature;gold_jewelry;royalty;daily_life,couple,relaxed,balanced,full,avoid
2805,120,late_greco_roman,writing_literature;architecture;war_weapons;royalty,group,balanced,balanced,full,avoid
2806,60,tutankhamun,war_weapons;gold_jewelry;animals;royalty;daily_life,family_kids,balanced,balanced,full,neutral
2807,90,prehistoric_early,animals;ships_transport;daily_life,solo,fast,balanced,full,neutral
2808,240,prehistoric_early;middle_kingdom;late_greco_roman,religion_gods;animals;gold_jewelry;ships_transport,family_kids,balanced,balanced,full,neutral
2809,180,middle_kingdom;tutankhamun,art_statues;mummies_afterlife,couple,fast,balanced,full,neutral
2810,180,tutankhamun;middle_kingdom,art_statues;daily_life;writing_literature;war_weapons;religion_gods,couple,relaxed,highlights,full,avoid
2811,90,old_kingdom;middle_kingdom,gold_jewelry;daily_life,student,balanced,highlights,full,avoid
2812,120,prehistoric_early;late_greco_roman,mummies_afterlife;writing_literature,group,fast,highlights,avoid_stairs,avoid
2813,90,new_kingdom;tutankhamun,war_weapons,solo,balanced,highlights,full,avoid
2814,180,,daily_life,solo,balanced,balanced,full,avoid
2815,180,new_kingdom,architecture;royalty;animals,student,balanced,balanced,wheelchair,avoid
2816,180,prehistoric_early;late_greco_roman,writing_literature;architecture;animals;art_statues,group,relaxed,balanced,full,avoid
2817,120,,art_statues;gold_jewelry,family_kids,fast,balanced,full,avoid
2818,300,tutankhamun;old_kingdom;late_greco_roman,royalty;gold_jewelry;war_weapons,group,balanced,highlights,full,neutral
2819,180,middle_kingdom,royalty;architecture;art_statues;mummies_afterlife;war_weapons,couple,balanced,balanced,full,avoid
2820,180,late_greco_roman;tutankhamun,royalty;mummies_afterlife;gold_jewelry;architecture,group,relaxed,highlights,full,neutral
2821,240,new_kingdom,animals;ships_transport;religion_gods;art_statues,solo,balanced,balanced,full,avoid
2822,120,prehistoric_early,war_weapons;writing_literature;architecture;gold_jewelry,solo,fast,balanced,avoid_stairs,neutral
2823,240,prehistoric_early,religion_gods;architecture,group,relaxed,balanced,full,avoid
2824,90,old_kingdom;tutankhamun;prehistoric_early,war_weapons;daily_life;religion_gods,solo,balanced,deep,full,neutral
2825,120,late_greco_roman;middle_kingdom,discovery_archaeology;war_weapons;daily_life,group,balanced,balanced,full,avoid
2826,60,middle_kingdom,mummies_afterlife;gold_jewelry;daily_life,couple,relaxed,highlights,full,avoid
2827,180,prehistoric_early;tutankhamun;new_kingdom,mummies_afterlife,solo,balanced,balanced,full,avoid
2828,180,late_greco_roman,ships_transport,couple,relaxed,highlights,full,avoid
2829,120,tutankhamun,writing_literature;animals;discovery_archaeology,student,balanced,highlights,full,neutral
2830,60,,royalty,student,relaxed,deep,full,avoid
2831,90,new_kingdom,royalty;gold_jewelry;mummies_afterlife,couple,balanced,balanced,full,avoid
2832,180,old_kingdom;middle_kingdom,gold_jewelry;war_weapons;animals;ships_transport,family_kids,relaxed,balanced,full,neutral
2833,180,tutankhamun;middle_kingdom,writing_literature;daily_life,solo,balanced,highlights,full,avoid
2834,60,old_kingdom;prehistoric_early,discovery_archaeology;animals;war_weapons;royalty,solo,balanced,highlights,full,neutral
2835,180,tutankhamun;new_kingdom;middle_kingdom,art_statues;writing_literature;daily_life,solo,balanced,highlights,full,avoid
2836,120,new_kingdom,war_weapons;daily_life;writing_literature;gold_jewelry,family_kids,fast,balanced,full,neutral
2837,60,new_kingdom,writing_literature;ships_transport,solo,relaxed,highlights,full,neutral
2838,300,late_greco_roman;prehistoric_early;old_kingdom,architecture;royalty;mummies_afterlife;discovery_archaeology,group,balanced,balanced,full,neutral
2839,120,new_kingdom,animals;ships_transport,family_kids,relaxed,highlights,full,neutral
2840,180,old_kingdom;middle_kingdom,daily_life;art_statues;animals;royalty,group,relaxed,highlights,full,avoid
2841,180,tutankhamun;new_kingdom;prehistoric_early,architecture;art_statues;war_weapons,family_kids,balanced,highlights,full,neutral
2842,180,prehistoric_early;late_greco_roman;middle_kingdom,discovery_archaeology;animals;writing_literature;architecture,student,balanced,balanced,full,avoid
2843,180,,ships_transport;mummies_afterlife;animals,family_kids,balanced,highlights,full,avoid
2844,90,,gold_jewelry;daily_life;royalty;religion_gods;mummies_afterlife,couple,fast,balanced,full,neutral
2845,240,late_greco_roman,daily_life;gold_jewelry;writing_literature,couple,fast,balanced,wheelchair,avoid
2846,120,,war_weapons;ships_transport,family_kids,balanced,balanced,full,neutral
2847,60,prehistoric_early;tutankhamun,gold_jewelry;animals;war_weapons,family_kids,balanced,balanced,full,avoid
2848,120,middle_kingdom,religion_gods;art_statues,couple,balanced,balanced,wheelchair,neutral
2849,180,prehistoric_early;new_kingdom,architecture;ships_transport,group,balanced,balanced,full,avoid
2850,90,,ships_transport,family_kids,relaxed,deep,full,neutral
2851,240,tutankhamun,art_statues;war_weapons,family_kids,balanced,deep,full,neutral
2852,180,old_kingdom,daily_life;gold_jewelry;art_statues,couple,fast,balanced,full,neutral
2853,120,prehistoric_early,writing_literature;art_statues;architecture,group,balanced,highlights,full,neutral
2854,180,,war_weapons;gold_jewelry;animals,student,balanced,deep,full,avoid
2855,120,prehistoric_early;middle_kingdom,architecture;discovery_archaeology,family_kids,relaxed,highlights,full,avoid
2856,90,,religion_gods;writing_literature;art_statues;daily_life;war_weapons,couple,relaxed,balanced,wheelchair,avoid
2857,180,prehistoric_early;old_kingdom;middle_kingdom,war_weapons;gold_jewelry;writing_literature,solo,relaxed,highlights,avoid_stairs,neutral
2858,180,prehistoric_early;new_kingdom,religion_gods;architecture;ships_transport,student,balanced,highlights,full,avoid
2859,120,middle_kingdom;late_greco_roman;tutankhamun,war_weapons,couple,balanced,highlights,full,avoid
2860,180,,royalty;gold_jewelry,couple,balanced,highlights,full,avoid
2861,120,new_kingdom;old_kingdom,art_statues;war_weapons;ships_transport;animals,solo,balanced,deep,full,neutral
2862,120,,daily_life;art_statues;gold_jewelry;mummies_afterlife,couple,fast,highlights,full,avoid
2863,180,prehistoric_early,royalty;writing_literature,couple,fast,balanced,full,neutral
2864,120,middle_kingdom;late_greco_roman,architecture;gold_jewelry;mummies_afterlife,group,balanced,balanced,full,avoid
2865,60,late_greco_roman,mummies_afterlife;discovery_archaeology;art_statues;ships_transport,solo,balanced,balanced,full,avoid
2866,120,late_greco_roman,gold_jewelry;architecture,couple,balanced,balanced,full,avoid
2867,240,prehistoric_early;middle_kingdom,animals;gold_jewelry;war_weapons;ships_transport,family_kids,balanced,highlights,full,neutral
2868,180,,discovery_archaeology;ships_transport,student,balanced,highlights,full,neutral
2869,60,middle_kingdom,gold_jewelry;animals;writing_literature,family_kids,balanced,highlights,wheelchair,neutral
2870,300,old_kingdom,ships_transport;art_statues,couple,balanced,highlights,full,avoid
2871,240,new_kingdom,war_weapons;royalty,solo,balanced,balanced,full,neutral
2872,120,prehistoric_early;middle_kingdom;old_kingdom,writing_literature;discovery_archaeology,solo,relaxed,balanced,avoid_stairs,neutral
2873,180,late_greco_roman;new_kingdom;old_kingdom,royalty;gold_jewelry,solo,balanced,highlights,full,avoid
2874,180,middle_kingdom,daily_life;religion_gods;art_statues;royalty;mummies_afterlife,solo,balanced,deep,avoid_stairs,avoid
2875,90,middle_kingdom,architecture;mummies_afterlife;ships_transport;writing_literature,group,balanced,balanced,full,avoid
2876,300,new_kingdom,art_statues;royalty;war_weapons;gold_jewelry,solo,balanced,balanced,wheelchair,avoid
2877,180,prehistoric_early;tutankhamun,gold_jewelry;war_weapons;animals;daily_life,solo,balanced,highlights,full,neutral
2878,180,prehistoric_early,architecture;war_weapons;religion_gods;discovery_archaeology;animals,solo,balanced,balanced,full,avoid
2879,180,prehistoric_early;middle_kingdom;late_greco_roman,architecture;discovery_archaeology;mummies_afterlife,solo,balanced,balanced,full,neutral
2880,180,new_kingdom,gold_jewelry;discovery_archaeology;religion_gods;daily_life;art_statues,couple,relaxed,balanced,full,neutral
2881,60,new_kingdom,ships_transport;discovery_archaeology;religion_gods;architecture,student,balanced,deep,full,avoid
2882,60,old_kingdom,art_statues;royalty,couple,balanced,highlights,wheelchair,neutral
2883,90,prehistoric_early,mummies_afterlife;writing_literature;ships_transport;gold_jewelry;architecture,family_kids,fast,highlights,wheelchair,neutral
2884,120,,animals;gold_jewelry;writing_literature;ships_transport,family_kids,balanced,deep,full,neutral
2885,90,late_greco_roman,gold_jewelry;animals;religion_gods;discovery_archaeology,family_kids,balanced,deep,full,neutral
2886,180,,architecture;discovery_archaeology,family_kids,fast,highlights,full,neutral
2887,120,old_kingdom,architecture;royalty;ships_transport,group,relaxed,balanced,full,avoid
2888,180,,mummies_afterlife;gold_jewelry;animals,solo,balanced,highlights,full,neutral
2889,180,,gold_jewelry;royalty,group,fast,balanced,wheelchair,avoid
2890,240,old_kingdom;prehistoric_early,writing_literature;ships_transport,solo,balanced,deep,full,neutral
2891,120,prehistoric_early,daily_life;writing_literature;architecture;mummies_afterlife,solo,relaxed,balanced,full,avoid
2892,120,tutankhamun;new_kingdom,writing_literature;architecture,solo,balanced,balanced,full,avoid
2893,180,old_kingdom,daily_life;ships_transport;royalty;war_weapons;discovery_archaeology,couple,balanced,balanced,full,neutral
2894,240,middle_kingdom,war_weapons;architecture;ships_transport,student,balanced,balanced,full,avoid
2895,90,prehistoric_early;old_kingdom;new_kingdom,gold_jewelry;religion_gods;architecture;war_weapons;royalty,solo,balanced,highlights,avoid_stairs,avoid
2896,240,late_greco_roman,animals;art_statues;writing_literature;royalty,family_kids,balanced,balanced,full,neutral
2897,120,new_kingdom,mummies_afterlife;writing_literature;ships_transport,solo,balanced,deep,full,avoid
2898,120,new_kingdom,writing_literature;religion_gods;ships_transport;architecture,student,fast,deep,full,neutral
2899,180,prehistoric_early;tutankhamun,ships_transport;animals;religion_gods,solo,balanced,highlights,full,neutral
2900,240,new_kingdom;prehistoric_early,animals;mummies_afterlife,group,relaxed,highlights,full,neutral
2901,60,new_kingdom;middle_kingdom,daily_life;religion_gods;art_statues,solo,balanced,balanced,full,avoid
2902,90,prehistoric_early,mummies_afterlife;writing_literature;religion_gods;architecture;discovery_archaeology,student,relaxed,balanced,full,avoid
2903,240,late_greco_roman;prehistoric_early,architecture;royalty;writing_literature,student,balanced,deep,full,neutral
2904,180,prehistoric_early;new_kingdom,art_statues;ships_transport;animals;discovery_archaeology,solo,balanced,balanced,full,neutral
2905,60,,discovery_archaeology;gold_jewelry;royalty;ships_transport;mummies_afterlife,solo,relaxed,deep,full,avoid
2906,120,late_greco_roman;tutankhamun,gold_jewelry;religion_gods,couple,balanced,highlights,full,avoid
2907,120,late_greco_roman;old_kingdom,gold_jewelry,family_kids,balanced,highlights,full,neutral
2908,240,new_kingdom;tutankhamun,daily_life;mummies_afterlife,couple,balanced,balanced,full,neutral
2909,90,new_kingdom;middle_kingdom;late_greco_roman,animals;ships_transport;writing_literature,family_kids,balanced,highlights,full,neutral
2910,240,new_kingdom;old_kingdom,mummies_afterlife;ships_transport;architecture,solo,relaxed,balanced,full,neutral
2911,180,prehistoric_early;middle_kingdom,architecture;war_weapons;ships_transport;writing_literature;religion_gods,solo,balanced,deep,full,avoid
2912,300,,discovery_archaeology;gold_jewelry,couple,fast,balanced,full,avoid
2913,180,tutankhamun,architecture;royalty;daily_life;gold_jewelry,couple,fast,deep,full,neutral
2914,180,new_kingdom,architecture,couple,balanced,balanced,full,avoid
2915,90,new_kingdom,war_weapons;royalty,family_kids,balanced,balanced,full,neutral
2916,120,middle_kingdom;new_kingdom;tutankhamun,animals;ships_transport;gold_jewelry;war_weapons,family_kids,fast,deep,full,neutral
2917,90,old_kingdom,mummies_afterlife;writing_literature,solo,balanced,highlights,full,neutral
2918,180,tutankhamun;late_greco_roman;new_kingdom,writing_literature;religion_gods,student,relaxed,highlights,full,avoid
2919,180,,writing_literature,solo,relaxed,deep,full,avoid
2920,240,prehistoric_early;old_kingdom;middle_kingdom,royalty;ships_transport,group,balanced,balanced,full,avoid
2921,60,new_kingdom;tutankhamun,royalty;writing_literature;discovery_archaeology;architecture;mummies_afterlife,student,balanced,deep,wheelchair,neutral
2922,180,prehistoric_early;late_greco_roman,gold_jewelry;royalty,group,balanced,highlights,full,neutral
2923,180,late_greco_roman,royalty;mummies_afterlife;gold_jewelry,group,balanced,deep,full,neutral
2924,240,middle_kingdom;prehistoric_early;tutankhamun,royalty;gold_jewelry,couple,balanced,highlights,full,avoid
2925,120,old_kingdom,gold_jewelry;writing_literature;ships_transport,family_kids,balanced,highlights,full,avoid
2926,180,old_kingdom;late_greco_roman;prehistoric_early,discovery_archaeology;royalty;animals,couple,relaxed,balanced,full,avoid
2927,180,late_greco_roman,writing_literature,solo,relaxed,deep,full,neutral
2928,90,,daily_life;architecture,solo,relaxed,balanced,full,avoid
2929,240,,daily_life;ships_transport;animals;mummies_afterlife,couple,balanced,balanced,full,avoid
2930,180,,gold_jewelry;art_statues;royalty,group,balanced,highlights,full,avoid
2931,300,new_kingdom,daily_life;animals,couple,relaxed,balanced,full,neutral
2932,120,new_kingdom;middle_kingdom;old_kingdom,royalty;art_statues;discovery_archaeology;war_weapons;religion_gods,couple,relaxed,balanced,full,avoid
2933,180,late_greco_roman,discovery_archaeology;royalty;gold_jewelry;war_weapons,solo,relaxed,balanced,full,neutral
2934,90,late_greco_roman;old_kingdom;tutankhamun,art_statues;daily_life;war_weapons,family_kids,relaxed,balanced,full,avoid
2935,120,middle_kingdom,royalty;gold_jewelry;architecture,group,fast,balanced,full,neutral
2936,120,prehistoric_early;middle_kingdom,religion_gods;war_weapons,family_kids,fast,highlights,full,neutral
2937,240,new_kingdom;prehistoric_early,ships_transport;discovery_archaeology;architecture;gold_jewelry,student,relaxed,deep,full,avoid
2938,180,new_kingdom,discovery_archaeology,student,fast,balanced,full,neutral
2939,120,middle_kingdom,gold_jewelry;ships_transport;daily_life;royalty;art_statues,couple,balanced,deep,avoid_stairs,avoid
2940,120,old_kingdom,architecture;gold_jewelry;royalty;writing_literature,couple,balanced,highlights,full,avoid
2941,240,middle_kingdom,ships_transport,couple,relaxed,deep,full,avoid
2942,90,new_kingdom;late_greco_roman,animals;discovery_archaeology,family_kids,balanced,highlights,full,avoid
2943,180,tutankhamun;prehistoric_early,animals;religion_gods;writing_literature,student,fast,highlights,full,neutral
2944,180,prehistoric_early,architecture;discovery_archaeology,group,fast,highlights,full,avoid
2945,300,,gold_jewelry;art_statues;religion_gods,student,balanced,balanced,full,neutral
2946,240,tutankhamun,animals;art_statues,couple,balanced,highlights,full,avoid
2947,120,prehistoric_early,discovery_archaeology;daily_life;gold_jewelry;art_statues,couple,relaxed,deep,full,neutral
2948,180,middle_kingdom;late_greco_roman,animals;mummies_afterlife,solo,fast,deep,full,neutral
2949,180,old_kingdom,ships_transport;animals,family_kids,balanced,balanced,wheelchair,neutral
2950,180,middle_kingdom;prehistoric_early;new_kingdom,discovery_archaeology;ships_transport,solo,balanced,balanced,full,avoid
2951,120,middle_kingdom,gold_jewelry;royalty;war_weapons;discovery_archaeology,solo,relaxed,balanced,full,neutral
2952,120,new_kingdom;old_kingdom;middle_kingdom,gold_jewelry;animals;writing_literature;religion_gods;daily_life,solo,balanced,balanced,full,avoid
2953,240,middle_kingdom,gold_jewelry;discovery_archaeology;architecture;mummies_afterlife,solo,balanced,balanced,full,avoid
2954,60,new_kingdom;late_greco_roman;prehistoric_early,writing_literature;gold_jewelry,family_kids,relaxed,balanced,full,avoid
2955,300,,discovery_archaeology;writing_literature;religion_gods;mummies_afterlife,student,balanced,highlights,full,neutral
2956,300,prehistoric_early,writing_literature;animals;gold_jewelry,family_kids,balanced,highlights,full,neutral
2957,60,,religion_gods;architecture;art_statues;ships_transport,solo,relaxed,highlights,full,neutral
2958,180,new_kingdom;old_kingdom,ships_transport;architecture,couple,balanced,balanced,full,avoid
2959,60,late_greco_roman,war_weapons;daily_life;religion_gods;art_statues,solo,balanced,balanced,full,avoid
2960,240,new_kingdom;middle_kingdom;late_greco_roman,royalty;religion_gods;animals,group,relaxed,highlights,full,avoid
2961,240,late_greco_roman,religion_gods;war_weapons;architecture,student,fast,balanced,full,neutral
2962,240,late_greco_roman;tutankhamun;old_kingdom,art_statues;gold_jewelry;daily_life,solo,balanced,highlights,full,neutral
2963,180,old_kingdom,art_statues;gold_jewelry;discovery_archaeology;daily_life,couple,relaxed,highlights,full,neutral
2964,180,old_kingdom;tutankhamun,discovery_archaeology;mummies_afterlife,solo,balanced,balanced,full,neutral
2965,180,old_kingdom;new_kingdom,ships_transport;war_weapons;animals;architecture,family_kids,relaxed,highlights,full,neutral
2966,90,,royalty;gold_jewelry,couple,relaxed,highlights,full,neutral
2967,120,,daily_life;writing_literature,solo,balanced,highlights,avoid_stairs,neutral
2968,240,prehistoric_early;tutankhamun,royalty;art_statues,group,relaxed,highlights,full,neutral
2969,120,prehistoric_early;new_kingdom,war_weapons;religion_gods;writing_literature,student,relaxed,deep,full,neutral
2970,60,new_kingdom,religion_gods;animals;royalty,solo,relaxed,highlights,wheelchair,neutral
2971,90,prehistoric_early;old_kingdom,mummies_afterlife;gold_jewelry;architecture;animals,family_kids,relaxed,highlights,full,avoid
2972,240,late_greco_roman;new_kingdom;old_kingdom,royalty;architecture;war_weapons,family_kids,fast,balanced,full,neutral
2973,240,middle_kingdom;tutankhamun,royalty;discovery_archaeology;art_statues;architecture,student,fast,highlights,full,avoid
2974,120,new_kingdom,royalty;war_weapons;gold_jewelry;daily_life;writing_literature,family_kids,balanced,highlights,full,avoid
2975,90,tutankhamun,art_statues;ships_transport;writing_literature;war_weapons;religion_gods,solo,balanced,balanced,full,neutral
2976,240,new_kingdom,religion_gods;mummies_afterlife;daily_life;royalty;war_weapons,family_kids,balanced,deep,full,neutral
2977,240,old_kingdom,animals;architecture;gold_jewelry,student,relaxed,deep,full,avoid
2978,120,middle_kingdom;old_kingdom,ships_transport;war_weapons;writing_literature;architecture,family_kids,balanced,highlights,wheelchair,neutral
2979,120,late_greco_roman;old_kingdom;prehistoric_early,daily_life;art_statues;royalty,couple,relaxed,deep,full,neutral
2980,240,middle_kingdom;late_greco_roman,royalty;religion_gods;war_weapons;gold_jewelry;architecture,group,relaxed,balanced,full,neutral
2981,120,late_greco_roman;middle_kingdom,mummies_afterlife;art_statues;gold_jewelry;daily_life,couple,balanced,balanced,full,neutral
2982,90,old_kingdom;new_kingdom,war_weapons;writing_literature;architecture,student,relaxed,highlights,full,neutral
2983,180,,religion_gods,couple,balanced,highlights,full,neutral
2984,120,middle_kingdom;new_kingdom,war_weapons;art_statues;writing_literature;architecture;animals,couple,balanced,highlights,full,neutral
2985,120,,gold_jewelry;animals,couple,balanced,deep,full,avoid
2986,240,late_greco_roman;new_kingdom,ships_transport;writing_literature;religion_gods,family_kids,relaxed,balanced,avoid_stairs,avoid
2987,240,old_kingdom;tutankhamun,mummies_afterlife;architecture;royalty,group,balanced,deep,full,neutral
2988,120,,religion_gods;war_weapons;art_statues,solo,balanced,highlights,full,neutral
2989,120,tutankhamun,royalty;daily_life;ships_transport;discovery_archaeology;animals,solo,relaxed,balanced,full,neutral
2990,240,late_greco_roman,ships_transport;discovery_archaeology,family_kids,fast,balanced,avoid_stairs,neutral
2991,240,,ships_transport,solo,relaxed,highlights,full,neutral
2992,120,new_kingdom,art_statues;animals,solo,balanced,highlights,full,neutral
2993,240,old_kingdom;middle_kingdom,religion_gods;discovery_archaeology;architecture,student,balanced,highlights,full,neutral
2994,300,prehistoric_early;new_kingdom,mummies_afterlife;royalty,group,fast,highlights,full,neutral
2995,90,new_kingdom,writing_literature;daily_life;architecture;ships_transport;art_statues,couple,fast,highlights,avoid_stairs,neutral
2996,180,,ships_transport;animals,family_kids,fast,balanced,full,neutral
2997,180,prehistoric_early,mummies_afterlife;ships_transport,solo,relaxed,balanced,wheelchair,neutral
2998,60,new_kingdom;prehistoric_early;late_greco_roman,gold_jewelry;daily_life;discovery_archaeology;war_weapons,group,balanced,balanced,full,avoid
2999,90,new_kingdom;old_kingdom,gold_jewelry;religion_gods;daily_life,family_kids,relaxed,deep,full,neutral
